Left_x0,Left_y0,Left_z0,Left_x1,Left_y1,Left_z1,Left_x2,Left_y2,Left_z2,Left_x3,Left_y3,Left_z3,Left_x4,Left_y4,Left_z4,Left_x5,Left_y5,Left_z5,Left_x6,Left_y6,Left_z6,Left_x7,Left_y7,Left_z7,Left_x8,Left_y8,Left_z8,Left_x9,Left_y9,Left_z9,Left_x10,Left_y10,Left_z10,Left_x11,Left_y11,Left_z11,Left_x12,Left_y12,Left_z12,Left_x13,Left_y13,Left_z13,Left_x14,Left_y14,Left_z14,Left_x15,Left_y15,Left_z15,Left_x16,Left_y16,Left_z16,Left_x17,Left_y17,Left_z17,Left_x18,Left_y18,Left_z18,Left_x19,Left_y19,Left_z19,Left_x20,Left_y20,Left_z20,Right_x0,Right_y0,Right_z0,Right_x1,Right_y1,Right_z1,Right_x2,Right_y2,Right_z2,Right_x3,Right_y3,Right_z3,Right_x4,Right_y4,Right_z4,Right_x5,Right_y5,Right_z5,Right_x6,Right_y6,Right_z6,Right_x7,Right_y7,Right_z7,Right_x8,Right_y8,Right_z8,Right_x9,Right_y9,Right_z9,Right_x10,Right_y10,Right_z10,Right_x11,Right_y11,Right_z11,Right_x12,Right_y12,Right_z12,Right_x13,Right_y13,Right_z13,Right_x14,Right_y14,Right_z14,Right_x15,Right_y15,Right_z15,Right_x16,Right_y16,Right_z16,Right_x17,Right_y17,Right_z17,Right_x18,Right_y18,Right_z18,Right_x19,Right_y19,Right_z19,Right_x20,Right_y20,Right_z20
0.0,0.0,0.0,0.0,0.0,0.0,0.0,0.0,0.0,0.0,0.0,0.0,0.0,0.0,0.0,0.0,0.0,0.0,0.0,0.0,0.0,0.0,0.0,0.0,0.0,0.0,0.0,0.0,0.0,0.0,0.0,0.0,0.0,0.0,0.0,0.0,0.0,0.0,0.0,0.0,0.0,0.0,0.0,0.0,0.0,0.0,0.0,0.0,0.0,0.0,0.0,0.0,0.0,0.0,0.0,0.0,0.0,0.0,0.0,0.0,0.0,0.0,0.0,0.6107138395309448,0.6865821480751038,1.7594415169241984e-07,0.5755959153175354,0.7007951736450195,-0.021252354606986046,0.5428264737129211,0.6907241940498352,-0.031971484422683716,0.5215016603469849,0.67537522315979,-0.040306899696588516,0.5070445537567139,0.6609288454055786,-0.04792703315615654,0.5484898090362549,0.6145078539848328,-0.014772270806133747,0.5339261889457703,0.5792917013168335,-0.02405577339231968,0.5204441547393799,0.5516071319580078,-0.03369566798210144,0.5091857314109802,0.529334545135498,-0.04116450250148773,0.5732505321502686,0.5970737934112549,-0.01121306698769331,0.562279999256134,0.557154655456543,-0.01776193454861641,0.5490646362304688,0.5310283303260803,-0.023892702534794807,0.5393078327178955,0.5091207027435303,-0.02916065603494644,0.5985915064811707,0.5876805186271667,-0.010221177712082863,0.5934123396873474,0.549606442451477,-0.018049804493784904,0.5831423401832581,0.5220608115196228,-0.01908983662724495,0.5767271518707275,0.4981977343559265,-0.01965448074042797,0.621495246887207,0.5865811705589294,-0.011643828824162483,0.624334454536438,0.5545251369476318,-0.018052641302347183,0.6217538714408875,0.5316660404205322,-0.017002340406179428,0.6200004816055298,0.511958122253418,-0.015541601926088333
0.0,0.0,0.0,0.0,0.0,0.0,0.0,0.0,0.0,0.0,0.0,0.0,0.0,0.0,0.0,0.0,0.0,0.0,0.0,0.0,0.0,0.0,0.0,0.0,0.0,0.0,0.0,0.0,0.0,0.0,0.0,0.0,0.0,0.0,0.0,0.0,0.0,0.0,0.0,0.0,0.0,0.0,0.0,0.0,0.0,0.0,0.0,0.0,0.0,0.0,0.0,0.0,0.0,0.0,0.0,0.0,0.0,0.0,0.0,0.0,0.0,0.0,0.0,0.6561262011528015,0.6688676476478577,-2.0781371290468087e-07,0.6250792741775513,0.66814124584198,-0.004998888820409775,0.5891472697257996,0.6223857402801514,-0.004491173196583986,0.570320188999176,0.5740998387336731,-0.00490631302818656,0.5617154240608215,0.5377796292304993,-0.005565977655351162,0.5932437777519226,0.5624674558639526,0.0009004706516861916,0.5706687569618225,0.5153758525848389,-0.008043701760470867,0.5462708473205566,0.49490493535995483,-0.01350830402225256,0.5273914933204651,0.48143917322158813,-0.017594028264284134,0.6057908535003662,0.5573534965515137,-0.001614305074326694,0.5769762396812439,0.5333554744720459,-0.017059653997421265,0.5721704363822937,0.5670762062072754,-0.02137971855700016,0.5816336870193481,0.5885337591171265,-0.019751595333218575,0.6204301714897156,0.5609397888183594,-0.0052946386858820915,0.5908336043357849,0.546387791633606,-0.025173388421535492,0.5932133793830872,0.5874800682067871,-0.02261747047305107,0.6098015904426575,0.6093270182609558,-0.014904403127729893,0.6364147067070007,0.5695531964302063,-0.008940654806792736,0.6089433431625366,0.5641708374023438,-0.024481235072016716,0.6098086833953857,0.5949849486351013,-0.02212362177670002,0.6252613663673401,0.6116211414337158,-0.01584957353770733
0.0,0.0,0.0,0.0,0.0,0.0,0.0,0.0,0.0,0.0,0.0,0.0,0.0,0.0,0.0,0.0,0.0,0.0,0.0,0.0,0.0,0.0,0.0,0.0,0.0,0.0,0.0,0.0,0.0,0.0,0.0,0.0,0.0,0.0,0.0,0.0,0.0,0.0,0.0,0.0,0.0,0.0,0.0,0.0,0.0,0.0,0.0,0.0,0.0,0.0,0.0,0.0,0.0,0.0,0.0,0.0,0.0,0.0,0.0,0.0,0.0,0.0,0.0,0.6445490717887878,0.6569691896438599,-3.753069961476285e-07,0.6045355200767517,0.6263445019721985,0.0059211160987615585,0.5739733576774597,0.5762196779251099,0.004335253965109587,0.5538879632949829,0.5344983339309692,-0.0008023616974242032,0.537250280380249,0.5039617419242859,-0.006344242487102747,0.6176617741584778,0.490627646446228,0.003659971756860614,0.5677042007446289,0.4698764681816101,-0.010429552756249905,0.5310823321342468,0.46004757285118103,-0.02076268196105957,0.501855194568634,0.45201706886291504,-0.0289154089987278,0.6326873302459717,0.4893885552883148,-0.008983573876321316,0.5581990480422974,0.5021283626556396,-0.02671065926551819,0.5635088682174683,0.5529413819313049,-0.0267337616533041,0.5833019018173218,0.5712193250656128,-0.023278487846255302,0.6411424875259399,0.5029109120368958,-0.022695353254675865,0.5695896148681641,0.5193715691566467,-0.04082343354821205,0.5779861807823181,0.567775309085846,-0.028191545978188515,0.599873960018158,0.5807816386222839,-0.01615246944129467,0.6450417041778564,0.5290768146514893,-0.03662664443254471,0.5872935652732849,0.5358709096908569,-0.0523286908864975,0.5893726944923401,0.574881374835968,-0.04455830156803131,0.6074405908584595,0.590214729309082,-0.035537272691726685
0.0,0.0,0.0,0.0,0.0,0.0,0.0,0.0,0.0,0.0,0.0,0.0,0.0,0.0,0.0,0.0,0.0,0.0,0.0,0.0,0.0,0.0,0.0,0.0,0.0,0.0,0.0,0.0,0.0,0.0,0.0,0.0,0.0,0.0,0.0,0.0,0.0,0.0,0.0,0.0,0.0,0.0,0.0,0.0,0.0,0.0,0.0,0.0,0.0,0.0,0.0,0.0,0.0,0.0,0.0,0.0,0.0,0.0,0.0,0.0,0.0,0.0,0.0,0.6591498255729675,0.6561405658721924,-5.140636289979739e-07,0.6085784435272217,0.6185954213142395,0.007726501207798719,0.5769453048706055,0.5725057721138,0.0038882705848664045,0.554589033126831,0.5381198525428772,-0.00465205404907465,0.5417755842208862,0.5061323642730713,-0.012347365729510784,0.6173948645591736,0.48567286133766174,0.010571690276265144,0.5654082894325256,0.46538788080215454,-0.00849874597042799,0.5269718170166016,0.4634832739830017,-0.02481013536453247,0.4964512288570404,0.4651346206665039,-0.035685308277606964,0.6307528614997864,0.48506617546081543,-0.0032620644196867943,0.5536091327667236,0.5008766055107117,-0.022003846243023872,0.5560800433158875,0.552283763885498,-0.027102503925561905,0.5747101306915283,0.5715914368629456,-0.028495648875832558,0.6380465030670166,0.4985487461090088,-0.01892363652586937,0.5612913370132446,0.5181807279586792,-0.03377174958586693,0.5705718398094177,0.5661067366600037,-0.025127718225121498,0.5919326543807983,0.5779119729995728,-0.018035374581813812,0.640410840511322,0.5243626832962036,-0.035223305225372314,0.5785956382751465,0.5344298481941223,-0.045121122151613235,0.5818012952804565,0.5685298442840576,-0.0379597507417202,0.5987725257873535,0.5798609852790833,-0.030954239889979362
0.0,0.0,0.0,0.0,0.0,0.0,0.0,0.0,0.0,0.0,0.0,0.0,0.0,0.0,0.0,0.0,0.0,0.0,0.0,0.0,0.0,0.0,0.0,0.0,0.0,0.0,0.0,0.0,0.0,0.0,0.0,0.0,0.0,0.0,0.0,0.0,0.0,0.0,0.0,0.0,0.0,0.0,0.0,0.0,0.0,0.0,0.0,0.0,0.0,0.0,0.0,0.0,0.0,0.0,0.0,0.0,0.0,0.0,0.0,0.0,0.0,0.0,0.0,0.6618082523345947,0.6583455204963684,-5.404724561230978e-07,0.6120666265487671,0.6170319318771362,0.011297840625047684,0.5843267440795898,0.5689088106155396,0.00905173271894455,0.5645891427993774,0.5315083861351013,0.0015447920886799693,0.5553022027015686,0.500267744064331,-0.005758365150541067,0.6255913376808167,0.48367804288864136,0.012360169552266598,0.5711271166801453,0.46240273118019104,-0.00706593319773674,0.531589150428772,0.45908409357070923,-0.023633349686861038,0.5005719065666199,0.45992913842201233,-0.03451816737651825,0.6369144916534424,0.4846041798591614,-0.003101989161223173,0.5573101043701172,0.49257776141166687,-0.022193487733602524,0.556757926940918,0.5432974100112915,-0.027002766728401184,0.5739145874977112,0.5674397945404053,-0.02796630747616291,0.6418466567993164,0.4988608658313751,-0.020013023167848587,0.5639318227767944,0.5120316743850708,-0.03542521968483925,0.5717511773109436,0.5616977214813232,-0.0261251088231802,0.5938384532928467,0.5778674483299255,-0.018184762448072433,0.641858696937561,0.5254265666007996,-0.03712126985192299,0.5797319412231445,0.5326074361801147,-0.04702075570821762,0.5828891396522522,0.5683896541595459,-0.03908694162964821,0.6010613441467285,0.5819362998008728,-0.03149934858083725
0.0,0.0,0.0,0.0,0.0,0.0,0.0,0.0,0.0,0.0,0.0,0.0,0.0,0.0,0.0,0.0,0.0,0.0,0.0,0.0,0.0,0.0,0.0,0.0,0.0,0.0,0.0,0.0,0.0,0.0,0.0,0.0,0.0,0.0,0.0,0.0,0.0,0.0,0.0,0.0,0.0,0.0,0.0,0.0,0.0,0.0,0.0,0.0,0.0,0.0,0.0,0.0,0.0,0.0,0.0,0.0,0.0,0.0,0.0,0.0,0.0,0.0,0.0,0.6719331741333008,0.660345733165741,-5.232222406448273e-07,0.6189693808555603,0.6169459223747253,0.012479633092880249,0.5926036834716797,0.5692181587219238,0.009813323616981506,0.5732907652854919,0.5344833135604858,0.0013960909564048052,0.563307523727417,0.5056421756744385,-0.006661400198936462,0.6328737735748291,0.4837363660335541,0.014813829213380814,0.5776361227035522,0.46243834495544434,-0.004530433099716902,0.5379282236099243,0.45934638381004333,-0.021574541926383972,0.5062259435653687,0.4605756402015686,-0.03275357559323311,0.6434893608093262,0.4844825863838196,-0.0011292798444628716,0.5634074807167053,0.49320748448371887,-0.01996918022632599,0.5641864538192749,0.543491780757904,-0.02529812604188919,0.5822643041610718,0.5651092529296875,-0.026770872995257378,0.6477407813072205,0.49820849299430847,-0.01853327639400959,0.5677768588066101,0.5085723400115967,-0.03325939178466797,0.5753834247589111,0.5584032535552979,-0.02373579330742359,0.597541332244873,0.5735592246055603,-0.01583344303071499,0.6467688083648682,0.5234191417694092,-0.03615467995405197,0.5832071304321289,0.5297054648399353,-0.04431890696287155,0.5871419310569763,0.5654093027114868,-0.035374440252780914,0.6053526997566223,0.5782227516174316,-0.02734287828207016
0.0,0.0,0.0,0.0,0.0,0.0,0.0,0.0,0.0,0.0,0.0,0.0,0.0,0.0,0.0,0.0,0.0,0.0,0.0,0.0,0.0,0.0,0.0,0.0,0.0,0.0,0.0,0.0,0.0,0.0,0.0,0.0,0.0,0.0,0.0,0.0,0.0,0.0,0.0,0.0,0.0,0.0,0.0,0.0,0.0,0.0,0.0,0.0,0.0,0.0,0.0,0.0,0.0,0.0,0.0,0.0,0.0,0.0,0.0,0.0,0.0,0.0,0.0,0.6777116060256958,0.6592795848846436,-5.197994710215426e-07,0.6235496401786804,0.6133103966712952,0.012939110398292542,0.5965371131896973,0.567230761051178,0.010175071656703949,0.5745952129364014,0.53350430727005,0.001690419390797615,0.5604207515716553,0.5050352811813354,-0.006595328915864229,0.6388798356056213,0.48103389143943787,0.014315434731543064,0.5820255279541016,0.46247848868370056,-0.0038381842896342278,0.5424931645393372,0.4615575671195984,-0.020190736278891563,0.5108271837234497,0.46397846937179565,-0.030913151800632477,0.6484442949295044,0.48128336668014526,-0.0018309728475287557,0.5675714015960693,0.4920486807823181,-0.019312012940645218,0.567599892616272,0.5398226976394653,-0.02473767101764679,0.5837277770042419,0.5623573064804077,-0.026736296713352203,0.6515073776245117,0.4953486919403076,-0.019218485802412033,0.5719366669654846,0.5099804401397705,-0.03263942524790764,0.5795567631721497,0.5574550628662109,-0.024017388001084328,0.5999593138694763,0.5736544728279114,-0.01710370182991028,0.6494680643081665,0.5207427740097046,-0.03679709881544113,0.5873701572418213,0.5289550423622131,-0.044147130101919174,0.5900183916091919,0.5638309717178345,-0.03572556748986244,0.6056901812553406,0.5782270431518555,-0.028308752924203873
0.0,0.0,0.0,0.0,0.0,0.0,0.0,0.0,0.0,0.0,0.0,0.0,0.0,0.0,0.0,0.0,0.0,0.0,0.0,0.0,0.0,0.0,0.0,0.0,0.0,0.0,0.0,0.0,0.0,0.0,0.0,0.0,0.0,0.0,0.0,0.0,0.0,0.0,0.0,0.0,0.0,0.0,0.0,0.0,0.0,0.0,0.0,0.0,0.0,0.0,0.0,0.0,0.0,0.0,0.0,0.0,0.0,0.0,0.0,0.0,0.0,0.0,0.0,0.6831802725791931,0.6566472053527832,-4.818268166673079e-07,0.6292971968650818,0.6089645624160767,0.011567936278879642,0.6046048998832703,0.5590215921401978,0.008667747490108013,0.5859980583190918,0.5218214988708496,0.00021341109822969884,0.5725169777870178,0.48995882272720337,-0.00788556132465601,0.6485682129859924,0.47757023572921753,0.015919173136353493,0.5900183320045471,0.4614013135433197,-0.0024663954973220825,0.5497812628746033,0.46201586723327637,-0.01913434825837612,0.5176271796226501,0.46615856885910034,-0.029649335891008377,0.6569485664367676,0.47787901759147644,0.0009844120359048247,0.5802543759346008,0.4821692407131195,-0.01864505559206009,0.580574095249176,0.5296728014945984,-0.025588395074009895,0.5960904359817505,0.5556235909461975,-0.027223803102970123,0.6580680012702942,0.4902735948562622,-0.015349271707236767,0.5804535150527954,0.49966028332710266,-0.030660832300782204,0.5874320268630981,0.5468403697013855,-0.02326301671564579,0.6076011657714844,0.5672454237937927,-0.015880322083830833,0.6530840396881104,0.5125930309295654,-0.03204395994544029,0.5926681756973267,0.5234732031822205,-0.040783900767564774,0.5957054495811462,0.5587931871414185,-0.03381345421075821,0.6108313202857971,0.5746718049049377,-0.02668992057442665
0.0,0.0,0.0,0.0,0.0,0.0,0.0,0.0,0.0,0.0,0.0,0.0,0.0,0.0,0.0,0.0,0.0,0.0,0.0,0.0,0.0,0.0,0.0,0.0,0.0,0.0,0.0,0.0,0.0,0.0,0.0,0.0,0.0,0.0,0.0,0.0,0.0,0.0,0.0,0.0,0.0,0.0,0.0,0.0,0.0,0.0,0.0,0.0,0.0,0.0,0.0,0.0,0.0,0.0,0.0,0.0,0.0,0.0,0.0,0.0,0.0,0.0,0.0,0.6905556917190552,0.6459498405456543,-5.129067517373187e-07,0.6383976936340332,0.5917132496833801,0.012575125321745872,0.614859402179718,0.5413065552711487,0.010491112247109413,0.5978226661682129,0.5037369728088379,0.0027811082545667887,0.5878738760948181,0.4715356230735779,-0.004635575693100691,0.6630635261535645,0.4671788215637207,0.015990400686860085,0.601733386516571,0.4514451324939728,-0.0013895195443183184,0.5615081191062927,0.4570295810699463,-0.016059212386608124,0.5301949977874756,0.4646110534667969,-0.025366947054862976,0.6701691746711731,0.4676295220851898,0.000791310565546155,0.5888136029243469,0.4723103642463684,-0.01746719889342785,0.5895726680755615,0.5202971696853638,-0.02267199009656906,0.6062994003295898,0.5450831055641174,-0.02391117624938488,0.6700888872146606,0.4796467423439026,-0.015704426914453506,0.5911891460418701,0.489837110042572,-0.02965502068400383,0.5987961888313293,0.5370293855667114,-0.021168364211916924,0.6192049980163574,0.5549999475479126,-0.014078590087592602,0.6652382016181946,0.5018500685691833,-0.03248702362179756,0.6043840050697327,0.5136642456054688,-0.040966957807540894,0.6088529825210571,0.5489027500152588,-0.03398718312382698,0.6252270936965942,0.5620406270027161,-0.02740674838423729
0.0,0.0,0.0,0.0,0.0,0.0,0.0,0.0,0.0,0.0,0.0,0.0,0.0,0.0,0.0,0.0,0.0,0.0,0.0,0.0,0.0,0.0,0.0,0.0,0.0,0.0,0.0,0.0,0.0,0.0,0.0,0.0,0.0,0.0,0.0,0.0,0.0,0.0,0.0,0.0,0.0,0.0,0.0,0.0,0.0,0.0,0.0,0.0,0.0,0.0,0.0,0.0,0.0,0.0,0.0,0.0,0.0,0.0,0.0,0.0,0.0,0.0,0.0,0.697379469871521,0.638137698173523,-5.400900136010023e-07,0.64738529920578,0.5803903341293335,0.012587110511958599,0.6242316365242004,0.5304446220397949,0.010826872661709785,0.6052735447883606,0.494902640581131,0.003056371584534645,0.5923914313316345,0.4632541239261627,-0.004449016880244017,0.6755932569503784,0.4587826132774353,0.01673963852226734,0.6154724359512329,0.4414546489715576,-0.0011060746619477868,0.5752702951431274,0.4493161141872406,-0.015844734385609627,0.5449469685554504,0.4601001441478729,-0.024652596563100815,0.6835227012634277,0.45994430780410767,0.001623737858608365,0.6031572222709656,0.4633292257785797,-0.018031276762485504,0.6003280878067017,0.5144940614700317,-0.024083660915493965,0.6157283186912537,0.5424166917800903,-0.025253906846046448,0.6840876936912537,0.4714636206626892,-0.014801351353526115,0.6054419875144958,0.47852659225463867,-0.03043697029352188,0.6109252572059631,0.5282841920852661,-0.023037133738398552,0.6317396759986877,0.5505883097648621,-0.015666302293539047,0.6792564988136292,0.4936281740665436,-0.03135465458035469,0.6186904907226562,0.4988671839237213,-0.04053289070725441,0.6197635531425476,0.5342187285423279,-0.0336032472550869,0.635443925857544,0.5510239005088806,-0.02645154483616352
0.0,0.0,0.0,0.0,0.0,0.0,0.0,0.0,0.0,0.0,0.0,0.0,0.0,0.0,0.0,0.0,0.0,0.0,0.0,0.0,0.0,0.0,0.0,0.0,0.0,0.0,0.0,0.0,0.0,0.0,0.0,0.0,0.0,0.0,0.0,0.0,0.0,0.0,0.0,0.0,0.0,0.0,0.0,0.0,0.0,0.0,0.0,0.0,0.0,0.0,0.0,0.0,0.0,0.0,0.0,0.0,0.0,0.0,0.0,0.0,0.0,0.0,0.0,0.7038389444351196,0.6319089531898499,-5.622585490527854e-07,0.655434250831604,0.576130747795105,0.013595834374427795,0.634806215763092,0.5247534513473511,0.01225257758051157,0.6181018352508545,0.48716744780540466,0.00452891131862998,0.6079754829406738,0.453692764043808,-0.0028572105802595615,0.6868335604667664,0.4540654122829437,0.017537780106067657,0.6247977614402771,0.43321627378463745,-7.224875298561528e-05,0.5833258032798767,0.44014132022857666,-0.014971033670008183,0.5531261563301086,0.4495108723640442,-0.024050012230873108,0.6948489546775818,0.4542126953601837,0.001642758259549737,0.6123446226119995,0.45625096559524536,-0.017590027302503586,0.6084928512573242,0.5071156024932861,-0.023577481508255005,0.624221682548523,0.534653902053833,-0.024968422949314117,0.6948796510696411,0.46512213349342346,-0.015584751032292843,0.6137371063232422,0.4681256115436554,-0.03097013384103775,0.6173024773597717,0.5195006132125854,-0.023049520328640938,0.6377180218696594,0.5431784987449646,-0.015593436546623707,0.6892371773719788,0.4863995313644409,-0.03295692056417465,0.6262699365615845,0.488207072019577,-0.042533572763204575,0.6263369917869568,0.52474045753479,-0.03559507429599762,0.6420890688896179,0.5431903600692749,-0.02844655141234398
0.0,0.0,0.0,0.0,0.0,0.0,0.0,0.0,0.0,0.0,0.0,0.0,0.0,0.0,0.0,0.0,0.0,0.0,0.0,0.0,0.0,0.0,0.0,0.0,0.0,0.0,0.0,0.0,0.0,0.0,0.0,0.0,0.0,0.0,0.0,0.0,0.0,0.0,0.0,0.0,0.0,0.0,0.0,0.0,0.0,0.0,0.0,0.0,0.0,0.0,0.0,0.0,0.0,0.0,0.0,0.0,0.0,0.0,0.0,0.0,0.0,0.0,0.0,0.6948562264442444,0.6324945688247681,-5.424564051281777e-07,0.6491613388061523,0.581989049911499,0.008651120588183403,0.6264957189559937,0.5282614231109619,0.0062361243180930614,0.6092300415039062,0.4896372854709625,-0.001435004873201251,0.5988674163818359,0.45487481355667114,-0.008078601211309433,0.678510844707489,0.4517771899700165,0.014511511661112309,0.6205122470855713,0.42974355816841125,-0.003848650958389044,0.5801481008529663,0.43352046608924866,-0.019315391778945923,0.5492940545082092,0.440358966588974,-0.029138579964637756,0.6874411702156067,0.4522991478443146,0.00020623857562895864,0.607678234577179,0.45253631472587585,-0.02004806511104107,0.606850266456604,0.5043579936027527,-0.026113323867321014,0.6241128444671631,0.530566394329071,-0.027294116094708443,0.6902800798416138,0.46462029218673706,-0.015965592116117477,0.6103025674819946,0.46508708596229553,-0.032889802008867264,0.6152829527854919,0.5169006586074829,-0.02412298321723938,0.6360102295875549,0.5380815267562866,-0.015671776607632637,0.6883208155632019,0.48852023482322693,-0.032800327986478806,0.6264477372169495,0.48424315452575684,-0.044116679579019547,0.6256433725357056,0.5204170942306519,-0.03678232803940773,0.6404500007629395,0.5388015508651733,-0.02893017791211605
0.0,0.0,0.0,0.0,0.0,0.0,0.0,0.0,0.0,0.0,0.0,0.0,0.0,0.0,0.0,0.0,0.0,0.0,0.0,0.0,0.0,0.0,0.0,0.0,0.0,0.0,0.0,0.0,0.0,0.0,0.0,0.0,0.0,0.0,0.0,0.0,0.0,0.0,0.0,0.0,0.0,0.0,0.0,0.0,0.0,0.0,0.0,0.0,0.0,0.0,0.0,0.0,0.0,0.0,0.0,0.0,0.0,0.0,0.0,0.0,0.0,0.0,0.0,0.6864780783653259,0.6298645734786987,-4.804360287380405e-07,0.63621985912323,0.5859574675559998,0.0036744398530572653,0.608650803565979,0.5358776450157166,-0.0008097591926343739,0.58970707654953,0.49796104431152344,-0.009720762260258198,0.5792020559310913,0.4656284749507904,-0.01802034303545952,0.6497653722763062,0.4545406103134155,0.010614767670631409,0.599248468875885,0.4326605200767517,-0.008370686322450638,0.5615134239196777,0.42960312962532043,-0.024604182690382004,0.5324118137359619,0.431568443775177,-0.03448224067687988,0.6621835827827454,0.4541996121406555,-0.0008424982661381364,0.5898169875144958,0.4575353264808655,-0.021858016029000282,0.5847607254981995,0.5086671710014343,-0.0289512537419796,0.5982388257980347,0.5377203822135925,-0.029824931174516678,0.6690149903297424,0.4674086272716522,-0.014389249496161938,0.5957991480827332,0.47393086552619934,-0.0320856086909771,0.5973781943321228,0.5228025317192078,-0.025923214852809906,0.6144671440124512,0.5489686131477356,-0.01787177100777626,0.6704698801040649,0.49162667989730835,-0.028881004080176353,0.6132021546363831,0.49317097663879395,-0.039600394666194916,0.6098598837852478,0.5251358151435852,-0.033821746706962585,0.6212952136993408,0.5457449555397034,-0.02644893154501915
0.0,0.0,0.0,0.0,0.0,0.0,0.0,0.0,0.0,0.0,0.0,0.0,0.0,0.0,0.0,0.0,0.0,0.0,0.0,0.0,0.0,0.0,0.0,0.0,0.0,0.0,0.0,0.0,0.0,0.0,0.0,0.0,0.0,0.0,0.0,0.0,0.0,0.0,0.0,0.0,0.0,0.0,0.0,0.0,0.0,0.0,0.0,0.0,0.0,0.0,0.0,0.0,0.0,0.0,0.0,0.0,0.0,0.0,0.0,0.0,0.0,0.0,0.0,0.6760016083717346,0.639738917350769,-4.5985933638803544e-07,0.6242588758468628,0.6026729941368103,0.0028727231547236443,0.5930866003036499,0.5536850690841675,-0.001752518117427826,0.569409966468811,0.5180376768112183,-0.010525479912757874,0.5496288537979126,0.4857141375541687,-0.0185150858014822,0.6299588680267334,0.4661780595779419,0.010389295406639576,0.5762307047843933,0.44555753469467163,-0.00874606054276228,0.5378767848014832,0.43952852487564087,-0.0255125779658556,0.5075068473815918,0.43834835290908813,-0.03637218475341797,0.6421197652816772,0.4652729630470276,-0.0013147861463949084,0.5675488710403442,0.47395095229148865,-0.023838024586439133,0.5684572458267212,0.5245408415794373,-0.031772054731845856,0.5858476161956787,0.5496549010276794,-0.03308200463652611,0.648583173751831,0.47828102111816406,-0.015205624513328075,0.5742641687393188,0.48935073614120483,-0.03461615741252899,0.5795734524726868,0.5362461805343628,-0.028290443122386932,0.5990798473358154,0.5570331811904907,-0.01982460729777813,0.6494485139846802,0.502673327922821,-0.030084706842899323,0.5917826890945435,0.5077996850013733,-0.04266895726323128,0.5910294055938721,0.540816605091095,-0.036832988262176514,0.6049131155014038,0.5595036149024963,-0.02908293902873993
0.0,0.0,0.0,0.0,0.0,0.0,0.0,0.0,0.0,0.0,0.0,0.0,0.0,0.0,0.0,0.0,0.0,0.0,0.0,0.0,0.0,0.0,0.0,0.0,0.0,0.0,0.0,0.0,0.0,0.0,0.0,0.0,0.0,0.0,0.0,0.0,0.0,0.0,0.0,0.0,0.0,0.0,0.0,0.0,0.0,0.0,0.0,0.0,0.0,0.0,0.0,0.0,0.0,0.0,0.0,0.0,0.0,0.0,0.0,0.0,0.0,0.0,0.0,0.6658462882041931,0.6389229893684387,-5.160804334991553e-07,0.615329384803772,0.6048173904418945,0.007143455557525158,0.5830443501472473,0.5567262172698975,0.005162496585398912,0.560282289981842,0.5185165405273438,-0.0017714707646518946,0.5448854565620422,0.4876307249069214,-0.008501864038407803,0.6102250814437866,0.47162434458732605,0.011624726466834545,0.5619897842407227,0.44365623593330383,-0.006376049946993589,0.5254132151603699,0.43772798776626587,-0.020791199058294296,0.4961451590061188,0.4362567067146301,-0.029683129861950874,0.6244979500770569,0.4680396318435669,-0.0016606716671958566,0.5503917336463928,0.479878306388855,-0.02187412418425083,0.5429140329360962,0.5330065488815308,-0.02663753554224968,0.5533789396286011,0.5633876323699951,-0.026003988459706306,0.6345089673995972,0.4798940122127533,-0.0168676245957613,0.5605007410049438,0.49703213572502136,-0.033476315438747406,0.5651781558990479,0.5461937785148621,-0.025178715586662292,0.5839548707008362,0.5695251822471619,-0.01632077991962433,0.6402984261512756,0.502930760383606,-0.03274129331111908,0.5813873410224915,0.5130494236946106,-0.04295326769351959,0.5815077424049377,0.5461443662643433,-0.036192748695611954,0.5970168113708496,0.5627899169921875,-0.028563685715198517
0.0,0.0,0.0,0.0,0.0,0.0,0.0,0.0,0.0,0.0,0.0,0.0,0.0,0.0,0.0,0.0,0.0,0.0,0.0,0.0,0.0,0.0,0.0,0.0,0.0,0.0,0.0,0.0,0.0,0.0,0.0,0.0,0.0,0.0,0.0,0.0,0.0,0.0,0.0,0.0,0.0,0.0,0.0,0.0,0.0,0.0,0.0,0.0,0.0,0.0,0.0,0.0,0.0,0.0,0.0,0.0,0.0,0.0,0.0,0.0,0.0,0.0,0.0,0.6672044992446899,0.6437240839004517,-5.511211043085495e-07,0.6169123649597168,0.6082211136817932,0.01121091190725565,0.5877042412757874,0.5555786490440369,0.011827046051621437,0.5673283934593201,0.516966700553894,0.006728093605488539,0.5515218377113342,0.4883555769920349,0.0011152304941788316,0.6160615682601929,0.47349685430526733,0.01433669775724411,0.5637818574905396,0.4473605155944824,-0.002763534663245082,0.5265393853187561,0.4427087903022766,-0.01583964191377163,0.49786996841430664,0.4430364966392517,-0.02358870394527912,0.6275241374969482,0.4693545699119568,-1.7678077711025253e-05,0.5522671937942505,0.4751676619052887,-0.01925327628850937,0.5427203178405762,0.529779851436615,-0.023198457434773445,0.552143931388855,0.562519907951355,-0.02183731645345688,0.635070264339447,0.4800083339214325,-0.01587127335369587,0.5605491399765015,0.4955262541770935,-0.031834449619054794,0.5639429092407227,0.546654999256134,-0.023973708972334862,0.5823812484741211,0.5703001022338867,-0.015448112972080708,0.6382092237472534,0.5022985339164734,-0.03189082816243172,0.5799353122711182,0.5155085921287537,-0.04102582484483719,0.5817232728004456,0.5491843819618225,-0.03427417576313019,0.5989196300506592,0.5644547939300537,-0.026991918683052063
0.0,0.0,0.0,0.0,0.0,0.0,0.0,0.0,0.0,0.0,0.0,0.0,0.0,0.0,0.0,0.0,0.0,0.0,0.0,0.0,0.0,0.0,0.0,0.0,0.0,0.0,0.0,0.0,0.0,0.0,0.0,0.0,0.0,0.0,0.0,0.0,0.0,0.0,0.0,0.0,0.0,0.0,0.0,0.0,0.0,0.0,0.0,0.0,0.0,0.0,0.0,0.0,0.0,0.0,0.0,0.0,0.0,0.0,0.0,0.0,0.0,0.0,0.0,0.67746502161026,0.6415858268737793,-5.276813794807822e-07,0.6250706315040588,0.6002428531646729,0.010788142681121826,0.5949793457984924,0.551906943321228,0.00928078219294548,0.5739391446113586,0.5164117813110352,0.0014800175558775663,0.5597870349884033,0.4857373535633087,-0.006541034672409296,0.626659631729126,0.4700457751750946,0.016001738607883453,0.5729409456253052,0.4487399160861969,-0.0027936140540987253,0.534157931804657,0.44631361961364746,-0.018006889149546623,0.5050142407417297,0.44824421405792236,-0.027177847921848297,0.6374836564064026,0.46763738989830017,0.0006233830354176462,0.5623862147331238,0.4759390354156494,-0.019512010738253593,0.552888810634613,0.5277790427207947,-0.025180958211421967,0.5627341866493225,0.5568766593933105,-0.025397514924407005,0.6442985534667969,0.4786791205406189,-0.01662885770201683,0.569461464881897,0.4923369586467743,-0.03310577943921089,0.5711237192153931,0.5415056943893433,-0.025403641164302826,0.5891126394271851,0.563071072101593,-0.01718871109187603,0.6471385359764099,0.5008862614631653,-0.03426816686987877,0.5885491967201233,0.5093495845794678,-0.043144822120666504,0.5880450010299683,0.5431148409843445,-0.03535870835185051,0.603850781917572,0.558983564376831,-0.027439868077635765
0.0,0.0,0.0,0.0,0.0,0.0,0.0,0.0,0.0,0.0,0.0,0.0,0.0,0.0,0.0,0.0,0.0,0.0,0.0,0.0,0.0,0.0,0.0,0.0,0.0,0.0,0.0,0.0,0.0,0.0,0.0,0.0,0.0,0.0,0.0,0.0,0.0,0.0,0.0,0.0,0.0,0.0,0.0,0.0,0.0,0.0,0.0,0.0,0.0,0.0,0.0,0.0,0.0,0.0,0.0,0.0,0.0,0.0,0.0,0.0,0.0,0.0,0.0,0.685954749584198,0.6349655389785767,-5.144827923686535e-07,0.6338709592819214,0.593861997127533,0.011609737761318684,0.6058897376060486,0.5476657748222351,0.009614404290914536,0.5846450328826904,0.5134438872337341,0.0013141368981450796,0.569717288017273,0.48330384492874146,-0.0074381148442626,0.6430686116218567,0.46311044692993164,0.016572685912251472,0.5877323150634766,0.44435736536979675,-0.0003710261662490666,0.5497322678565979,0.4443572163581848,-0.014500139281153679,0.5214555859565735,0.4483834207057953,-0.02296805940568447,0.652321994304657,0.46054208278656006,0.0017413661116734147,0.5770115852355957,0.46551790833473206,-0.01661541871726513,0.5676576495170593,0.5158931612968445,-0.022140709683299065,0.5753540396690369,0.5460022687911987,-0.022583145648241043,0.6566274762153625,0.47092142701148987,-0.014556121081113815,0.5825193524360657,0.483377069234848,-0.029720645397901535,0.5839879512786865,0.5313202142715454,-0.02333013154566288,0.599951446056366,0.5557068586349487,-0.01626228354871273,0.655259907245636,0.4914857745170593,-0.03105170652270317,0.5979099273681641,0.5032147169113159,-0.03949963301420212,0.5972720384597778,0.5362932682037354,-0.033255577087402344,0.6109364628791809,0.5541048645973206,-0.02658325806260109
0.0,0.0,0.0,0.0,0.0,0.0,0.0,0.0,0.0,0.0,0.0,0.0,0.0,0.0,0.0,0.0,0.0,0.0,0.0,0.0,0.0,0.0,0.0,0.0,0.0,0.0,0.0,0.0,0.0,0.0,0.0,0.0,0.0,0.0,0.0,0.0,0.0,0.0,0.0,0.0,0.0,0.0,0.0,0.0,0.0,0.0,0.0,0.0,0.0,0.0,0.0,0.0,0.0,0.0,0.0,0.0,0.0,0.0,0.0,0.0,0.0,0.0,0.0,0.6917341351509094,0.6283583045005798,-5.295293590279471e-07,0.6409440636634827,0.5830724239349365,0.011619281955063343,0.6153221130371094,0.5346136689186096,0.010654261335730553,0.5958540439605713,0.4978645443916321,0.003760699648410082,0.5813210606575012,0.4657575488090515,-0.003452147589996457,0.6552059650421143,0.4545826017856598,0.018138352781534195,0.5998867750167847,0.44033873081207275,0.0005728956894017756,0.5616500377655029,0.44343918561935425,-0.01458936557173729,0.5325967669487,0.4489518404006958,-0.023444324731826782,0.6636652946472168,0.4548301100730896,0.0034228586591780186,0.58939129114151,0.4559853971004486,-0.015005438588559628,0.5785747170448303,0.5065572261810303,-0.0213551614433527,0.5858379602432251,0.5382574200630188,-0.022273389622569084,0.6668710708618164,0.4665226638317108,-0.012925724498927593,0.5942241549491882,0.4728929400444031,-0.02892657183110714,0.5935712456703186,0.5227903127670288,-0.023258943110704422,0.6094024777412415,0.5487542152404785,-0.016261009499430656,0.6649469137191772,0.48753365874290466,-0.02936548925936222,0.6081013679504395,0.49386659264564514,-0.03872038051486015,0.6064082384109497,0.5281942486763,-0.032776933163404465,0.6203261613845825,0.5467446446418762,-0.02605859935283661
0.0,0.0,0.0,0.0,0.0,0.0,0.0,0.0,0.0,0.0,0.0,0.0,0.0,0.0,0.0,0.0,0.0,0.0,0.0,0.0,0.0,0.0,0.0,0.0,0.0,0.0,0.0,0.0,0.0,0.0,0.0,0.0,0.0,0.0,0.0,0.0,0.0,0.0,0.0,0.0,0.0,0.0,0.0,0.0,0.0,0.0,0.0,0.0,0.0,0.0,0.0,0.0,0.0,0.0,0.0,0.0,0.0,0.0,0.0,0.0,0.0,0.0,0.0,0.6951003670692444,0.620949923992157,-5.478373168443795e-07,0.6473278999328613,0.5780017971992493,0.00996307097375393,0.6233620643615723,0.5288504362106323,0.008468855172395706,0.6040725708007812,0.49271440505981445,0.0016251676715910435,0.5914469361305237,0.4600342810153961,-0.005144488997757435,0.6662411689758301,0.4485947787761688,0.014460839331150055,0.6093704104423523,0.4303763806819916,-0.0031130178831517696,0.5698918700218201,0.43763047456741333,-0.01723410375416279,0.5415194630622864,0.4476402997970581,-0.02517578937113285,0.6737541556358337,0.44805407524108887,0.0011309960391372442,0.5946949124336243,0.4504421353340149,-0.017112107947468758,0.5863579511642456,0.5018393993377686,-0.022111214697360992,0.5979354977607727,0.5320857167243958,-0.022258035838603973,0.6754745841026306,0.45918598771095276,-0.013793732039630413,0.5989609956741333,0.4661288261413574,-0.029331501573324203,0.5999304056167603,0.5163491368293762,-0.022884426638484,0.6177626848220825,0.5409684181213379,-0.015734683722257614,0.67229825258255,0.479736864566803,-0.028907420113682747,0.6152111887931824,0.4862687587738037,-0.03796411678195,0.6143101453781128,0.5216237306594849,-0.03195562586188316,0.628764808177948,0.5405604839324951,-0.025387844070792198
0.0,0.0,0.0,0.0,0.0,0.0,0.0,0.0,0.0,0.0,0.0,0.0,0.0,0.0,0.0,0.0,0.0,0.0,0.0,0.0,0.0,0.0,0.0,0.0,0.0,0.0,0.0,0.0,0.0,0.0,0.0,0.0,0.0,0.0,0.0,0.0,0.0,0.0,0.0,0.0,0.0,0.0,0.0,0.0,0.0,0.0,0.0,0.0,0.0,0.0,0.0,0.0,0.0,0.0,0.0,0.0,0.0,0.0,0.0,0.0,0.0,0.0,0.0,0.6963515281677246,0.6176499128341675,-5.743993369833333e-07,0.6511151194572449,0.5712790489196777,0.011597502045333385,0.6264938116073608,0.5220483541488647,0.01074228435754776,0.6064248085021973,0.48838093876838684,0.003488612361252308,0.5953795313835144,0.45526328682899475,-0.003609033999964595,0.6743403673171997,0.4439179003238678,0.02038426697254181,0.618806004524231,0.42291098833084106,0.002079910133033991,0.5797983407974243,0.42830348014831543,-0.013114362955093384,0.5513756275177002,0.4364415109157562,-0.02179267443716526,0.6821182370185852,0.4425172507762909,0.005174537189304829,0.6039593815803528,0.44119393825531006,-0.015701547265052795,0.597095787525177,0.49629390239715576,-0.022293753921985626,0.6099634170532227,0.5301352739334106,-0.022344188764691353,0.6842514872550964,0.4517534077167511,-0.011974997818470001,0.6073471903800964,0.45633986592292786,-0.030008427798748016,0.6104774475097656,0.5120972990989685,-0.023512426763772964,0.6301611065864563,0.5401068329811096,-0.014919302426278591,0.6821703910827637,0.4711141586303711,-0.029243294149637222,0.6238288283348083,0.4735322892665863,-0.03966476395726204,0.6233998537063599,0.511262059211731,-0.03298872336745262,0.6386328935623169,0.53193199634552,-0.02511417679488659
0.0,0.0,0.0,0.0,0.0,0.0,0.0,0.0,0.0,0.0,0.0,0.0,0.0,0.0,0.0,0.0,0.0,0.0,0.0,0.0,0.0,0.0,0.0,0.0,0.0,0.0,0.0,0.0,0.0,0.0,0.0,0.0,0.0,0.0,0.0,0.0,0.0,0.0,0.0,0.0,0.0,0.0,0.0,0.0,0.0,0.0,0.0,0.0,0.0,0.0,0.0,0.0,0.0,0.0,0.0,0.0,0.0,0.0,0.0,0.0,0.0,0.0,0.0,0.6945947408676147,0.6163338422775269,-5.47097158687393e-07,0.6491736769676208,0.5747320055961609,0.007017533760517836,0.6223352551460266,0.5244305729866028,0.004631545394659042,0.6010341644287109,0.4900815486907959,-0.003212289186194539,0.5885838270187378,0.45722970366477966,-0.010736899450421333,0.6693834066390991,0.4432906210422516,0.01657036319375038,0.6172340512275696,0.42156946659088135,-0.0026724706403911114,0.5773864388465881,0.4236447513103485,-0.01915380172431469,0.546510636806488,0.42914852499961853,-0.028991060331463814,0.6786973476409912,0.4410484731197357,0.0032478789798915386,0.6043519377708435,0.4377608895301819,-0.018460242077708244,0.5966176390647888,0.4918272793292999,-0.0257894154638052,0.608564019203186,0.5245694518089294,-0.026421507820487022,0.6832674145698547,0.45084866881370544,-0.01240607537329197,0.6081106662750244,0.4514402747154236,-0.03122292086482048,0.6092226505279541,0.5049777626991272,-0.024922849610447884,0.627236008644104,0.5314257740974426,-0.016512198373675346,0.6831071376800537,0.47148075699806213,-0.02859988622367382,0.6243161559104919,0.4692502021789551,-0.03985127806663513,0.6229913830757141,0.50468510389328,-0.03345242142677307,0.637934684753418,0.5246984362602234,-0.02584267593920231
0.0,0.0,0.0,0.0,0.0,0.0,0.0,0.0,0.0,0.0,0.0,0.0,0.0,0.0,0.0,0.0,0.0,0.0,0.0,0.0,0.0,0.0,0.0,0.0,0.0,0.0,0.0,0.0,0.0,0.0,0.0,0.0,0.0,0.0,0.0,0.0,0.0,0.0,0.0,0.0,0.0,0.0,0.0,0.0,0.0,0.0,0.0,0.0,0.0,0.0,0.0,0.0,0.0,0.0,0.0,0.0,0.0,0.0,0.0,0.0,0.0,0.0,0.0,0.6852277517318726,0.6148630380630493,-5.145191721567244e-07,0.6389224529266357,0.5802301168441772,0.003538978286087513,0.6114699840545654,0.5306782722473145,0.0004947971319779754,0.5911192893981934,0.4926244020462036,-0.007076543755829334,0.5769643187522888,0.45763522386550903,-0.014110828749835491,0.6481724977493286,0.44847917556762695,0.013328738510608673,0.6011833548545837,0.42356282472610474,-0.005908844526857138,0.5638858079910278,0.4199276566505432,-0.021394366398453712,0.5351904630661011,0.4218878746032715,-0.030544783920049667,0.6599059700965881,0.4443768262863159,0.0020967668388038874,0.5895451903343201,0.4430893063545227,-0.01988692581653595,0.5837098956108093,0.49705085158348083,-0.025812165811657906,0.5961746573448181,0.5282649993896484,-0.025039218366146088,0.6680688858032227,0.4531795382499695,-0.011781669221818447,0.5972617268562317,0.45836731791496277,-0.031557079404592514,0.6011931896209717,0.5108264088630676,-0.02475377917289734,0.6201956272125244,0.537023663520813,-0.015474749729037285,0.6720321774482727,0.4729117155075073,-0.02649928629398346,0.6146600842475891,0.47641703486442566,-0.03929619863629341,0.6130689978599548,0.5120972394943237,-0.03406127542257309,0.6268790364265442,0.5322990417480469,-0.02678295411169529
0.0,0.0,0.0,0.0,0.0,0.0,0.0,0.0,0.0,0.0,0.0,0.0,0.0,0.0,0.0,0.0,0.0,0.0,0.0,0.0,0.0,0.0,0.0,0.0,0.0,0.0,0.0,0.0,0.0,0.0,0.0,0.0,0.0,0.0,0.0,0.0,0.0,0.0,0.0,0.0,0.0,0.0,0.0,0.0,0.0,0.0,0.0,0.0,0.0,0.0,0.0,0.0,0.0,0.0,0.0,0.0,0.0,0.0,0.0,0.0,0.0,0.0,0.0,0.6797575354576111,0.6174591779708862,-4.753017321945663e-07,0.6314845085144043,0.5870918035507202,0.002644496038556099,0.6019527912139893,0.5392236709594727,0.0005833053146488965,0.581356406211853,0.5047397613525391,-0.005415346007794142,0.5663654804229736,0.4777575135231018,-0.01118454523384571,0.63043212890625,0.45464080572128296,0.008675632067024708,0.5817652940750122,0.4284042716026306,-0.009420533664524555,0.54390949010849,0.4207465648651123,-0.0240311436355114,0.5149195790290833,0.4186394214630127,-0.03275921940803528,0.6425192356109619,0.4513028562068939,-0.0014516237424686551,0.5731511116027832,0.45286956429481506,-0.02311335876584053,0.5591244697570801,0.5025429129600525,-0.02999146282672882,0.5651265382766724,0.5345508456230164,-0.02999998815357685,0.6514226198196411,0.4617847204208374,-0.013690324500203133,0.5817602872848511,0.4696580469608307,-0.03268615901470184,0.5793273448944092,0.5167164206504822,-0.028306247666478157,0.594108521938324,0.5427339673042297,-0.020706268027424812,0.6556797027587891,0.4822426736354828,-0.02663872018456459,0.6013390421867371,0.48659011721611023,-0.03767116740345955,0.5978111028671265,0.5176253318786621,-0.03296807035803795,0.6106314063072205,0.5366517901420593,-0.026319531723856926
0.0,0.0,0.0,0.0,0.0,0.0,0.0,0.0,0.0,0.0,0.0,0.0,0.0,0.0,0.0,0.0,0.0,0.0,0.0,0.0,0.0,0.0,0.0,0.0,0.0,0.0,0.0,0.0,0.0,0.0,0.0,0.0,0.0,0.0,0.0,0.0,0.0,0.0,0.0,0.0,0.0,0.0,0.0,0.0,0.0,0.0,0.0,0.0,0.0,0.0,0.0,0.0,0.0,0.0,0.0,0.0,0.0,0.0,0.0,0.0,0.0,0.0,0.0,0.6692129969596863,0.6245235204696655,-4.888866556029825e-07,0.6207901239395142,0.5957955718040466,0.004520546179264784,0.5908622741699219,0.548625111579895,0.0029650619253516197,0.5700066089630127,0.5109995007514954,-0.0027697477489709854,0.5551413297653198,0.48310956358909607,-0.008723041042685509,0.615605890750885,0.46341806650161743,0.008171658031642437,0.5666736364364624,0.4352690279483795,-0.00971810519695282,0.5300502777099609,0.4290376603603363,-0.02299642376601696,0.5008912682533264,0.4290021061897278,-0.03050820529460907,0.6279644966125488,0.45925918221473694,-0.0025586176197975874,0.5551180839538574,0.46212300658226013,-0.023670978844165802,0.5413460731506348,0.5140539407730103,-0.02858637645840645,0.5463601350784302,0.5473423600196838,-0.027135048061609268,0.6372698545455933,0.4694664180278778,-0.015120369382202625,0.56442791223526,0.48106133937835693,-0.034121595323085785,0.5656189322471619,0.5304669141769409,-0.02858278900384903,0.5821728110313416,0.5565642714500427,-0.02013922855257988,0.6418876051902771,0.4906073808670044,-0.028103265911340714,0.5856152176856995,0.4996989369392395,-0.03994416072964668,0.5860299468040466,0.5314424633979797,-0.03513260930776596,0.6018247008323669,0.5487409830093384,-0.028221571817994118
0.0,0.0,0.0,0.0,0.0,0.0,0.0,0.0,0.0,0.0,0.0,0.0,0.0,0.0,0.0,0.0,0.0,0.0,0.0,0.0,0.0,0.0,0.0,0.0,0.0,0.0,0.0,0.0,0.0,0.0,0.0,0.0,0.0,0.0,0.0,0.0,0.0,0.0,0.0,0.0,0.0,0.0,0.0,0.0,0.0,0.0,0.0,0.0,0.0,0.0,0.0,0.0,0.0,0.0,0.0,0.0,0.0,0.0,0.0,0.0,0.0,0.0,0.0,0.6726117134094238,0.6266928315162659,-5.068417294751271e-07,0.6200928688049316,0.5979366898536682,0.007456120103597641,0.5894193053245544,0.5543459057807922,0.005851623136550188,0.567301332950592,0.5188953280448914,-0.00041995913488790393,0.5505529046058655,0.49222618341445923,-0.007003237027674913,0.611319363117218,0.4697030484676361,0.008551615290343761,0.5597183704376221,0.44247719645500183,-0.008689585141837597,0.5239765048027039,0.4356275498867035,-0.02185370959341526,0.49645811319351196,0.4337025284767151,-0.029664434492588043,0.6228535175323486,0.4653577208518982,-0.0036575112026184797,0.5490790605545044,0.47786882519721985,-0.024064335972070694,0.5385469794273376,0.5297316908836365,-0.028699934482574463,0.5463297367095947,0.5623741745948792,-0.027603816241025925,0.6307200193405151,0.4758753180503845,-0.01722165010869503,0.5580155849456787,0.49839964509010315,-0.03484935685992241,0.5633924007415771,0.5455581545829773,-0.02872513420879841,0.5824851393699646,0.5687142610549927,-0.020722592249512672,0.6350318789482117,0.4974912703037262,-0.03099367581307888,0.5774899125099182,0.5115175247192383,-0.04216393083333969,0.5796815156936646,0.5447007417678833,-0.036534637212753296,0.5963924527168274,0.5621940493583679,-0.02931934781372547
0.0,0.0,0.0,0.0,0.0,0.0,0.0,0.0,0.0,0.0,0.0,0.0,0.0,0.0,0.0,0.0,0.0,0.0,0.0,0.0,0.0,0.0,0.0,0.0,0.0,0.0,0.0,0.0,0.0,0.0,0.0,0.0,0.0,0.0,0.0,0.0,0.0,0.0,0.0,0.0,0.0,0.0,0.0,0.0,0.0,0.0,0.0,0.0,0.0,0.0,0.0,0.0,0.0,0.0,0.0,0.0,0.0,0.0,0.0,0.0,0.0,0.0,0.0,0.6774846911430359,0.6303321123123169,-5.078998128738021e-07,0.6250842809677124,0.6001139879226685,0.011397366411983967,0.5955213308334351,0.5541737079620361,0.011496278457343578,0.5731436610221863,0.5210922956466675,0.005903204437345266,0.5552557706832886,0.49550655484199524,-0.00011171100777573884,0.6145852208137512,0.4707852005958557,0.013396737165749073,0.5611870288848877,0.4477519392967224,-0.0032437338959425688,0.5251190066337585,0.4420594871044159,-0.01604265347123146,0.4971676170825958,0.4405643343925476,-0.023694872856140137,0.6258007884025574,0.46608471870422363,-0.0007187698502093554,0.5524224042892456,0.48098620772361755,-0.020234771072864532,0.5439074039459229,0.532146692276001,-0.02511192299425602,0.5520795583724976,0.5629308819770813,-0.02443293109536171,0.6335057020187378,0.4758123457431793,-0.015995262190699577,0.5610987544059753,0.5017485022544861,-0.03178827837109566,0.5670415759086609,0.548542320728302,-0.02515358477830887,0.5858190655708313,0.5692440867424011,-0.017323074862360954,0.63709557056427,0.49661344289779663,-0.03138228505849838,0.5803301334381104,0.5175472497940063,-0.03972906246781349,0.5838298797607422,0.5492805242538452,-0.033180028200149536,0.6009920835494995,0.5625150799751282,-0.02594122290611267
0.0,0.0,0.0,0.0,0.0,0.0,0.0,0.0,0.0,0.0,0.0,0.0,0.0,0.0,0.0,0.0,0.0,0.0,0.0,0.0,0.0,0.0,0.0,0.0,0.0,0.0,0.0,0.0,0.0,0.0,0.0,0.0,0.0,0.0,0.0,0.0,0.0,0.0,0.0,0.0,0.0,0.0,0.0,0.0,0.0,0.0,0.0,0.0,0.0,0.0,0.0,0.0,0.0,0.0,0.0,0.0,0.0,0.0,0.0,0.0,0.0,0.0,0.0,0.6847711801528931,0.6305041313171387,-5.046868523095327e-07,0.6321061253547668,0.595861554145813,0.009455556981265545,0.6015300154685974,0.550463080406189,0.007181158754974604,0.5809898376464844,0.5165494680404663,-0.0005361508810892701,0.5665024518966675,0.48787474632263184,-0.008472416549921036,0.6286534667015076,0.4657246470451355,0.010119814425706863,0.5727068781852722,0.449271559715271,-0.007537059020251036,0.5361290574073792,0.446786105632782,-0.02166999876499176,0.5066658854484558,0.4472911059856415,-0.03027656488120556,0.6393502950668335,0.463054895401001,-0.0035268834326416254,0.5673574805259705,0.47937944531440735,-0.02407751977443695,0.5572729110717773,0.5294804573059082,-0.030347611755132675,0.5622232556343079,0.5601577758789062,-0.03080139122903347,0.6458582282066345,0.4737326502799988,-0.018100909888744354,0.5740535855293274,0.4975903034210205,-0.03462632745504379,0.5814098119735718,0.5449219942092896,-0.027530819177627563,0.6005682349205017,0.5661858320236206,-0.01936923712491989,0.6477057337760925,0.4957343637943268,-0.03288736566901207,0.5932733416557312,0.5107133388519287,-0.04209458455443382,0.5976980924606323,0.5421489477157593,-0.03458176180720329,0.6147850155830383,0.5562267899513245,-0.026428284123539925
0.0,0.0,0.0,0.0,0.0,0.0,0.0,0.0,0.0,0.0,0.0,0.0,0.0,0.0,0.0,0.0,0.0,0.0,0.0,0.0,0.0,0.0,0.0,0.0,0.0,0.0,0.0,0.0,0.0,0.0,0.0,0.0,0.0,0.0,0.0,0.0,0.0,0.0,0.0,0.0,0.0,0.0,0.0,0.0,0.0,0.0,0.0,0.0,0.0,0.0,0.0,0.0,0.0,0.0,0.0,0.0,0.0,0.0,0.0,0.0,0.0,0.0,0.0,0.6928102970123291,0.6250531077384949,-4.984631232218817e-07,0.6418331861495972,0.5888176560401917,0.010085944086313248,0.6135452389717102,0.5419332981109619,0.008416194468736649,0.5930085182189941,0.5072405338287354,0.0010526952100917697,0.5792375802993774,0.478475421667099,-0.0067913345992565155,0.6446435451507568,0.4584023952484131,0.013306982815265656,0.5882642865180969,0.4413723647594452,-0.0035878443159163,0.5503911972045898,0.4423521161079407,-0.01703914999961853,0.521823525428772,0.44617965817451477,-0.024958081543445587,0.6533874869346619,0.45585116744041443,-0.0003428552590776235,0.5793107151985168,0.46573877334594727,-0.019468486309051514,0.5682083368301392,0.5157051682472229,-0.025283051654696465,0.5741893649101257,0.5463056564331055,-0.025736955925822258,0.6579397320747375,0.4669552445411682,-0.015280813910067081,0.5854927897453308,0.48294299840927124,-0.031380631029605865,0.5854281783103943,0.5304772257804871,-0.02589213289320469,0.5999717712402344,0.5543977618217468,-0.019109627231955528,0.6572942137718201,0.48854899406433105,-0.03035688027739525,0.603346049785614,0.5015227794647217,-0.039368364959955215,0.6036730408668518,0.5338661670684814,-0.03379683941602707,0.6177668571472168,0.5504686236381531,-0.027478963136672974
0.0,0.0,0.0,0.0,0.0,0.0,0.0,0.0,0.0,0.0,0.0,0.0,0.0,0.0,0.0,0.0,0.0,0.0,0.0,0.0,0.0,0.0,0.0,0.0,0.0,0.0,0.0,0.0,0.0,0.0,0.0,0.0,0.0,0.0,0.0,0.0,0.0,0.0,0.0,0.0,0.0,0.0,0.0,0.0,0.0,0.0,0.0,0.0,0.0,0.0,0.0,0.0,0.0,0.0,0.0,0.0,0.0,0.0,0.0,0.0,0.0,0.0,0.0,0.6986799240112305,0.6168839335441589,-5.215578084971639e-07,0.647321343421936,0.5753610730171204,0.011221695691347122,0.6201494336128235,0.528582751750946,0.010252570733428001,0.6004043817520142,0.4933170676231384,0.0035994278732687235,0.5863639712333679,0.46227437257766724,-0.0032036826014518738,0.6551652550697327,0.44821199774742126,0.015883252024650574,0.5992201566696167,0.4352670907974243,-0.0012375517981126904,0.5615683794021606,0.43928855657577515,-0.015929685905575752,0.5326893329620361,0.4450337886810303,-0.02467072568833828,0.6636271476745605,0.4477349817752838,0.0018973125843331218,0.5880058407783508,0.4588458240032196,-0.0164363794028759,0.5810465812683105,0.5085060000419617,-0.0226687453687191,0.590537965297699,0.5385019779205322,-0.023912450298666954,0.666979968547821,0.45916715264320374,-0.013547765091061592,0.5942288637161255,0.47441238164901733,-0.028986983001232147,0.5966973900794983,0.5223862528800964,-0.02342802658677101,0.6134403347969055,0.5467488169670105,-0.016953200101852417,0.6656088829040527,0.479666531085968,-0.02912508323788643,0.6105359196662903,0.49076294898986816,-0.037926435470581055,0.6100684404373169,0.5249112844467163,-0.03227970376610756,0.6231766939163208,0.5432307124137878,-0.026089005172252655
0.0,0.0,0.0,0.0,0.0,0.0,0.0,0.0,0.0,0.0,0.0,0.0,0.0,0.0,0.0,0.0,0.0,0.0,0.0,0.0,0.0,0.0,0.0,0.0,0.0,0.0,0.0,0.0,0.0,0.0,0.0,0.0,0.0,0.0,0.0,0.0,0.0,0.0,0.0,0.0,0.0,0.0,0.0,0.0,0.0,0.0,0.0,0.0,0.0,0.0,0.0,0.0,0.0,0.0,0.0,0.0,0.0,0.0,0.0,0.0,0.0,0.0,0.0,0.700491189956665,0.6082890033721924,-5.184800215829455e-07,0.6516270041465759,0.5698814392089844,0.007479605730623007,0.6257340312004089,0.521429181098938,0.005364615935832262,0.6052087545394897,0.48668479919433594,-0.0017912543844431639,0.5894644260406494,0.45576173067092896,-0.00885203666985035,0.6651110649108887,0.4381045997142792,0.014243320561945438,0.6111544966697693,0.4232730567455292,-0.004510350059717894,0.5710895657539368,0.4288114011287689,-0.02008274383842945,0.5412089228630066,0.43683090806007385,-0.02910590171813965,0.6729862689971924,0.4373614192008972,0.0015892634401097894,0.5976787805557251,0.44263529777526855,-0.017841868102550507,0.5890562534332275,0.49465474486351013,-0.023612061515450478,0.6001428365707397,0.5258882641792297,-0.023960521444678307,0.6760699152946472,0.4489641487598419,-0.013216984458267689,0.6029830574989319,0.4591715931892395,-0.03000999055802822,0.6041560173034668,0.5087836384773254,-0.02405634894967079,0.6226053833961487,0.5339198708534241,-0.016729969531297684,0.6748467683792114,0.4701533615589142,-0.028536178171634674,0.6190237998962402,0.4803140461444855,-0.03835025802254677,0.6168386340141296,0.5159424543380737,-0.032951466739177704,0.6307627558708191,0.535474956035614,-0.026635434478521347
0.0,0.0,0.0,0.0,0.0,0.0,0.0,0.0,0.0,0.0,0.0,0.0,0.0,0.0,0.0,0.0,0.0,0.0,0.0,0.0,0.0,0.0,0.0,0.0,0.0,0.0,0.0,0.0,0.0,0.0,0.0,0.0,0.0,0.0,0.0,0.0,0.0,0.0,0.0,0.0,0.0,0.0,0.0,0.0,0.0,0.0,0.0,0.0,0.0,0.0,0.0,0.0,0.0,0.0,0.0,0.0,0.0,0.0,0.0,0.0,0.0,0.0,0.0,0.7003821134567261,0.6039466857910156,-5.356429824132647e-07,0.655707597732544,0.5684159994125366,0.0074179507791996,0.6274116635322571,0.5170785188674927,0.005802975967526436,0.6075370907783508,0.4804266393184662,-0.0008621549350209534,0.5962634086608887,0.4486454427242279,-0.007434267085045576,0.6678971648216248,0.43384087085723877,0.013110949657857418,0.6158123016357422,0.4145067036151886,-0.005053266882896423,0.577795684337616,0.4176212549209595,-0.019365282729268074,0.5492116212844849,0.4248429536819458,-0.027605799958109856,0.6784794330596924,0.43169981241226196,0.00024316838243976235,0.6039170026779175,0.43498167395591736,-0.019359884783625603,0.5953705310821533,0.4887937903404236,-0.024020811542868614,0.6052138805389404,0.5212103128433228,-0.0233062244951725,0.68408203125,0.4424798786640167,-0.014770480804145336,0.6105716228485107,0.4526156783103943,-0.03181988745927811,0.6118285059928894,0.5045020580291748,-0.024819139391183853,0.6286889314651489,0.5299015045166016,-0.016679953783750534,0.6843351125717163,0.4633452296257019,-0.030233731493353844,0.6280829906463623,0.47146081924438477,-0.04042838513851166,0.6269409656524658,0.5060296654701233,-0.034638918936252594,0.640978991985321,0.5235236883163452,-0.028006581589579582
0.0,0.0,0.0,0.0,0.0,0.0,0.0,0.0,0.0,0.0,0.0,0.0,0.0,0.0,0.0,0.0,0.0,0.0,0.0,0.0,0.0,0.0,0.0,0.0,0.0,0.0,0.0,0.0,0.0,0.0,0.0,0.0,0.0,0.0,0.0,0.0,0.0,0.0,0.0,0.0,0.0,0.0,0.0,0.0,0.0,0.0,0.0,0.0,0.0,0.0,0.0,0.0,0.0,0.0,0.0,0.0,0.0,0.0,0.0,0.0,0.0,0.0,0.0,0.6937841773033142,0.6094694137573242,-5.071493092145829e-07,0.6475820541381836,0.574720025062561,0.0029930747114121914,0.6188345551490784,0.5250539779663086,-0.00045486167073249817,0.5984206795692444,0.48798516392707825,-0.008283418603241444,0.5837637186050415,0.45430809259414673,-0.015678836032748222,0.656948447227478,0.4426172077655792,0.01182196382433176,0.60890793800354,0.4218350946903229,-0.007315227296203375,0.5718820095062256,0.4196483790874481,-0.022810570895671844,0.5434649586677551,0.4221011996269226,-0.03210572525858879,0.6689411401748657,0.4393083155155182,0.0004973853938281536,0.6003104448318481,0.4383865296840668,-0.021109482273459435,0.5934531092643738,0.4899793863296509,-0.02760070003569126,0.6041861176490784,0.521324634552002,-0.02760414034128189,0.6768277287483215,0.4491553008556366,-0.013326192274689674,0.6065261960029602,0.4561367630958557,-0.03294513002038002,0.609138548374176,0.5062575340270996,-0.026877278462052345,0.6264879703521729,0.5313931107521057,-0.01829862780869007,0.6798669695854187,0.46997666358947754,-0.027936669066548347,0.6229815483093262,0.4731164574623108,-0.040750738233327866,0.6212225556373596,0.5069040060043335,-0.03562180697917938,0.6347123384475708,0.5267199277877808,-0.028579335659742355
0.0,0.0,0.0,0.0,0.0,0.0,0.0,0.0,0.0,0.0,0.0,0.0,0.0,0.0,0.0,0.0,0.0,0.0,0.0,0.0,0.0,0.0,0.0,0.0,0.0,0.0,0.0,0.0,0.0,0.0,0.0,0.0,0.0,0.0,0.0,0.0,0.0,0.0,0.0,0.0,0.0,0.0,0.0,0.0,0.0,0.0,0.0,0.0,0.0,0.0,0.0,0.0,0.0,0.0,0.0,0.0,0.0,0.0,0.0,0.0,0.0,0.0,0.0,0.6874498724937439,0.6075689196586609,-5.087958925287239e-07,0.6402844786643982,0.5829544067382812,0.001393671496771276,0.6099572777748108,0.5335002541542053,-0.0007527116686105728,0.5893046855926514,0.4959314167499542,-0.006524115335196257,0.5738840699195862,0.4671970307826996,-0.012098832055926323,0.6398515701293945,0.4478585124015808,0.007653210777789354,0.5907869338989258,0.42125067114830017,-0.010534255765378475,0.5524150729179382,0.41646119952201843,-0.024152979254722595,0.5246455073356628,0.41647496819496155,-0.03210959583520889,0.6528983116149902,0.44323253631591797,-0.0019296114332973957,0.582748532295227,0.44434046745300293,-0.023369740694761276,0.5692078471183777,0.49800583720207214,-0.028106996789574623,0.576566755771637,0.5316754579544067,-0.02648325078189373,0.6627113223075867,0.4532952606678009,-0.013963584788143635,0.5926701426506042,0.46301886439323425,-0.03351183980703354,0.5921030640602112,0.5141499042510986,-0.027501145377755165,0.6088270545005798,0.5401929020881653,-0.018792007118463516,0.6682616472244263,0.47418490052223206,-0.026805588975548744,0.6134811639785767,0.48124808073043823,-0.039331696927547455,0.6112231612205505,0.5145217180252075,-0.03492026776075363,0.6254274845123291,0.5325746536254883,-0.028436146676540375
0.0,0.0,0.0,0.0,0.0,0.0,0.0,0.0,0.0,0.0,0.0,0.0,0.0,0.0,0.0,0.0,0.0,0.0,0.0,0.0,0.0,0.0,0.0,0.0,0.0,0.0,0.0,0.0,0.0,0.0,0.0,0.0,0.0,0.0,0.0,0.0,0.0,0.0,0.0,0.0,0.0,0.0,0.0,0.0,0.0,0.0,0.0,0.0,0.0,0.0,0.0,0.0,0.0,0.0,0.0,0.0,0.0,0.0,0.0,0.0,0.0,0.0,0.0,0.6827147603034973,0.6141236424446106,-4.90223101223819e-07,0.6334364414215088,0.5871945023536682,0.003460024483501911,0.6032469272613525,0.542290449142456,0.001346661476418376,0.5823110342025757,0.5086551904678345,-0.004852636251598597,0.5654604434967041,0.48318028450012207,-0.011200047098100185,0.6272774934768677,0.455761581659317,0.006731050089001656,0.5773326754570007,0.43075478076934814,-0.011462182737886906,0.5398694276809692,0.42450207471847534,-0.025664888322353363,0.5102381110191345,0.42300090193748474,-0.034150175750255585,0.6391862630844116,0.4518214166164398,-0.0037917285226285458,0.5667662620544434,0.4571842849254608,-0.02606477588415146,0.5520517826080322,0.5077762603759766,-0.03259483724832535,0.5562967658042908,0.5414519309997559,-0.032264743000268936,0.6484548449516296,0.4624606966972351,-0.016041040420532227,0.5767412185668945,0.47627320885658264,-0.035720374435186386,0.5797308683395386,0.5238927006721497,-0.03087162785232067,0.5977284908294678,0.5492507219314575,-0.022775255143642426,0.6531772613525391,0.48388007283210754,-0.02881784737110138,0.5977745652198792,0.4926820695400238,-0.04109136015176773,0.5971874594688416,0.5237293839454651,-0.036536041647195816,0.6120332479476929,0.5411622524261475,-0.029705248773097992
0.0,0.0,0.0,0.0,0.0,0.0,0.0,0.0,0.0,0.0,0.0,0.0,0.0,0.0,0.0,0.0,0.0,0.0,0.0,0.0,0.0,0.0,0.0,0.0,0.0,0.0,0.0,0.0,0.0,0.0,0.0,0.0,0.0,0.0,0.0,0.0,0.0,0.0,0.0,0.0,0.0,0.0,0.0,0.0,0.0,0.0,0.0,0.0,0.0,0.0,0.0,0.0,0.0,0.0,0.0,0.0,0.0,0.0,0.0,0.0,0.0,0.0,0.0,0.680045485496521,0.6153970956802368,-4.877989567830809e-07,0.6271060109138489,0.588848352432251,0.005095511209219694,0.5965172052383423,0.5453352928161621,0.003136669285595417,0.5753410458564758,0.5103228092193604,-0.0026666419580578804,0.5589355230331421,0.4851212203502655,-0.008977568708360195,0.6183075904846191,0.460667222738266,0.004564990289509296,0.5665919184684753,0.437246710062027,-0.012542180716991425,0.5312036871910095,0.431423544883728,-0.02575720101594925,0.502954363822937,0.4286884069442749,-0.03385835140943527,0.6305434107780457,0.45757925510406494,-0.006343102548271418,0.5570142865180969,0.47015485167503357,-0.02734503708779812,0.5461854934692383,0.522673487663269,-0.032593321055173874,0.5531162619590759,0.5563510656356812,-0.03181654214859009,0.6394757032394409,0.4698885977268219,-0.018397890031337738,0.5686549544334412,0.49229738116264343,-0.03668202459812164,0.5751615762710571,0.5392141342163086,-0.030786734074354172,0.5946499109268188,0.5622118711471558,-0.022679997608065605,0.6445143818855286,0.49388056993484497,-0.030700545758008957,0.5900763869285583,0.5061370134353638,-0.04263031482696533,0.5923036336898804,0.5391104817390442,-0.03726711496710777,0.6085182428359985,0.5566043853759766,-0.030100425705313683
0.0,0.0,0.0,0.0,0.0,0.0,0.0,0.0,0.0,0.0,0.0,0.0,0.0,0.0,0.0,0.0,0.0,0.0,0.0,0.0,0.0,0.0,0.0,0.0,0.0,0.0,0.0,0.0,0.0,0.0,0.0,0.0,0.0,0.0,0.0,0.0,0.0,0.0,0.0,0.0,0.0,0.0,0.0,0.0,0.0,0.0,0.0,0.0,0.0,0.0,0.0,0.0,0.0,0.0,0.0,0.0,0.0,0.0,0.0,0.0,0.0,0.0,0.0,0.6847184300422668,0.6171104907989502,-5.0704716159089e-07,0.6303653120994568,0.5933911204338074,0.008223352953791618,0.5974700450897217,0.5510960221290588,0.00724446214735508,0.5735386610031128,0.5175241827964783,0.0015840213745832443,0.5553957223892212,0.49290069937705994,-0.004701863043010235,0.6170095205307007,0.46574535965919495,0.007857888005673885,0.5632997155189514,0.44250044226646423,-0.008472939021885395,0.5282436013221741,0.4369121789932251,-0.020786462351679802,0.5014945268630981,0.4361923933029175,-0.028037050738930702,0.6291196942329407,0.46179109811782837,-0.00438775634393096,0.5556910037994385,0.4783919155597687,-0.02416308969259262,0.5458265542984009,0.5310844779014587,-0.028849108144640923,0.5531206130981445,0.5636893510818481,-0.027884047478437424,0.6379086971282959,0.47260528802871704,-0.017639001831412315,0.5673539042472839,0.5012032985687256,-0.033995162695646286,0.5745128393173218,0.5482509136199951,-0.028006812557578087,0.5935759544372559,0.5691481232643127,-0.02047775313258171,0.6432534456253052,0.4952439069747925,-0.030979515984654427,0.5873560309410095,0.5142565369606018,-0.04114972800016403,0.5918514728546143,0.5470219850540161,-0.03552459180355072,0.6098838448524475,0.5615493655204773,-0.02855626866221428
0.0,0.0,0.0,0.0,0.0,0.0,0.0,0.0,0.0,0.0,0.0,0.0,0.0,0.0,0.0,0.0,0.0,0.0,0.0,0.0,0.0,0.0,0.0,0.0,0.0,0.0,0.0,0.0,0.0,0.0,0.0,0.0,0.0,0.0,0.0,0.0,0.0,0.0,0.0,0.0,0.0,0.0,0.0,0.0,0.0,0.0,0.0,0.0,0.0,0.0,0.0,0.0,0.0,0.0,0.0,0.0,0.0,0.0,0.0,0.0,0.0,0.0,0.0,0.6860517263412476,0.622484564781189,-4.85666760141612e-07,0.6315567493438721,0.5951868891716003,0.009001685306429863,0.6011615991592407,0.5526781678199768,0.007077476941049099,0.5791652798652649,0.5205737948417664,0.00037146927206777036,0.5623571872711182,0.49632009863853455,-0.007167999166995287,0.6236699223518372,0.468563973903656,0.005744559224694967,0.5672091841697693,0.4466758668422699,-0.011300047859549522,0.5308338403701782,0.44166460633277893,-0.023964470252394676,0.5029416680335999,0.4414082169532776,-0.03160451352596283,0.6346462965011597,0.4651672840118408,-0.007031496614217758,0.558750569820404,0.47950243949890137,-0.027478283271193504,0.5493944883346558,0.5306435823440552,-0.032662853598594666,0.5564852952957153,0.5636818408966064,-0.032265957444906235,0.6418835520744324,0.4763356149196625,-0.02046748623251915,0.5697861313819885,0.5040314197540283,-0.03724908456206322,0.5772717595100403,0.5504114627838135,-0.03123440220952034,0.5962896347045898,0.5713759660720825,-0.023720361292362213,0.6449617743492126,0.4994668960571289,-0.03387149050831795,0.5888072848320007,0.5189583897590637,-0.044363219290971756,0.5932428240776062,0.5505589842796326,-0.038792647421360016,0.6108248233795166,0.5642431378364563,-0.03194460645318031
0.0,0.0,0.0,0.0,0.0,0.0,0.0,0.0,0.0,0.0,0.0,0.0,0.0,0.0,0.0,0.0,0.0,0.0,0.0,0.0,0.0,0.0,0.0,0.0,0.0,0.0,0.0,0.0,0.0,0.0,0.0,0.0,0.0,0.0,0.0,0.0,0.0,0.0,0.0,0.0,0.0,0.0,0.0,0.0,0.0,0.0,0.0,0.0,0.0,0.0,0.0,0.0,0.0,0.0,0.0,0.0,0.0,0.0,0.0,0.0,0.0,0.0,0.0,0.689966082572937,0.6222440004348755,-4.6976657586128567e-07,0.6367821097373962,0.591131865978241,0.009035437367856503,0.6076159477233887,0.5480506420135498,0.00602571340277791,0.5871593952178955,0.5161919593811035,-0.0018333824118599296,0.5703633427619934,0.4904921352863312,-0.010026568546891212,0.6319664120674133,0.46245360374450684,0.006224981974810362,0.577314555644989,0.4455602169036865,-0.011908473446965218,0.5411423444747925,0.44155073165893555,-0.026110997423529625,0.512689471244812,0.4411166310310364,-0.03486063331365585,0.642570972442627,0.46179428696632385,-0.007258301600813866,0.568856954574585,0.4762069582939148,-0.02705015428364277,0.5616990923881531,0.5257712006568909,-0.03190230578184128,0.5703051686286926,0.5552080869674683,-0.03190188854932785,0.6487010717391968,0.47455164790153503,-0.021661633625626564,0.5774016976356506,0.4985325038433075,-0.03799982741475105,0.5844802260398865,0.5447020530700684,-0.030607404187321663,0.604071319103241,0.5653582215309143,-0.02264879085123539,0.6502767205238342,0.49783971905708313,-0.03622575104236603,0.5959147214889526,0.5141183137893677,-0.045949261635541916,0.5986999869346619,0.5456302762031555,-0.03906458616256714,0.6146248579025269,0.5601766705513,-0.03162568435072899
0.0,0.0,0.0,0.0,0.0,0.0,0.0,0.0,0.0,0.0,0.0,0.0,0.0,0.0,0.0,0.0,0.0,0.0,0.0,0.0,0.0,0.0,0.0,0.0,0.0,0.0,0.0,0.0,0.0,0.0,0.0,0.0,0.0,0.0,0.0,0.0,0.0,0.0,0.0,0.0,0.0,0.0,0.0,0.0,0.0,0.0,0.0,0.0,0.0,0.0,0.0,0.0,0.0,0.0,0.0,0.0,0.0,0.0,0.0,0.0,0.0,0.0,0.0,0.6963129043579102,0.6200859546661377,-4.934179855808907e-07,0.6453152298927307,0.5872414112091064,0.010625473223626614,0.6173399686813354,0.5435420870780945,0.009094703942537308,0.5970162153244019,0.5135326981544495,0.0026607452891767025,0.5810490846633911,0.48906436562538147,-0.0041825901716947556,0.6471391320228577,0.45843505859375,0.008519408293068409,0.5901006460189819,0.44058215618133545,-0.008840621449053288,0.5526039600372314,0.43753892183303833,-0.022725239396095276,0.5235289931297302,0.43760791420936584,-0.03121691569685936,0.6554062962532043,0.4581845998764038,-0.004886421374976635,0.5807762145996094,0.46954235434532166,-0.023299913853406906,0.5723699331283569,0.5183413028717041,-0.028460422530770302,0.5808610916137695,0.5483728647232056,-0.029176797717809677,0.658483624458313,0.4705655872821808,-0.0190916508436203,0.586264431476593,0.48754751682281494,-0.03385568782687187,0.5881817936897278,0.5336946845054626,-0.027716876938939095,0.604282021522522,0.5557957291603088,-0.02120305597782135,0.656802237033844,0.4931585490703583,-0.033266760408878326,0.6020926833152771,0.5075872540473938,-0.04153600335121155,0.6040889024734497,0.5382168889045715,-0.03545038029551506,0.6196402311325073,0.5522015690803528,-0.029063483700156212
0.0,0.0,0.0,0.0,0.0,0.0,0.0,0.0,0.0,0.0,0.0,0.0,0.0,0.0,0.0,0.0,0.0,0.0,0.0,0.0,0.0,0.0,0.0,0.0,0.0,0.0,0.0,0.0,0.0,0.0,0.0,0.0,0.0,0.0,0.0,0.0,0.0,0.0,0.0,0.0,0.0,0.0,0.0,0.0,0.0,0.0,0.0,0.0,0.0,0.0,0.0,0.0,0.0,0.0,0.0,0.0,0.0,0.0,0.0,0.0,0.0,0.0,0.0,0.7066169381141663,0.6109632253646851,-4.774303192789375e-07,0.6541637182235718,0.5791856646537781,0.008766232058405876,0.6266115307807922,0.5366511344909668,0.0062870760448277,0.6060004234313965,0.5067421793937683,-0.0008419945952482522,0.5891904234886169,0.48065775632858276,-0.008057807572185993,0.6589406728744507,0.44830745458602905,0.008107130415737629,0.6022570133209229,0.4324098825454712,-0.009881138801574707,0.5631415843963623,0.43181973695755005,-0.02450069785118103,0.5342937111854553,0.4349084496498108,-0.03323143720626831,0.6665788292884827,0.4495203197002411,-0.0044328090734779835,0.5911051630973816,0.45833563804626465,-0.02234434336423874,0.5827314853668213,0.5041509866714478,-0.027684245258569717,0.5932857990264893,0.532800555229187,-0.028878362849354744,0.6690111756324768,0.4631675183773041,-0.018199006095528603,0.5971540212631226,0.4766194224357605,-0.033506568521261215,0.5961479544639587,0.5210404992103577,-0.028022635728120804,0.6116998195648193,0.544627845287323,-0.02186655066907406,0.6670360565185547,0.4863918125629425,-0.03211259841918945,0.6128090023994446,0.49760115146636963,-0.04064387455582619,0.6096981763839722,0.5296955704689026,-0.035122375935316086,0.6211296319961548,0.5483501553535461,-0.0291738323867321
0.0,0.0,0.0,0.0,0.0,0.0,0.0,0.0,0.0,0.0,0.0,0.0,0.0,0.0,0.0,0.0,0.0,0.0,0.0,0.0,0.0,0.0,0.0,0.0,0.0,0.0,0.0,0.0,0.0,0.0,0.0,0.0,0.0,0.0,0.0,0.0,0.0,0.0,0.0,0.0,0.0,0.0,0.0,0.0,0.0,0.0,0.0,0.0,0.0,0.0,0.0,0.0,0.0,0.0,0.0,0.0,0.0,0.0,0.0,0.0,0.0,0.0,0.0,0.7094500660896301,0.6050113439559937,-5.023632070333406e-07,0.6598266363143921,0.5695820450782776,0.009021622128784657,0.6330470442771912,0.5227627754211426,0.007365631405264139,0.6136335134506226,0.4888560473918915,0.0009918652940541506,0.5987656116485596,0.4599550664424896,-0.005345550365746021,0.6697215437889099,0.43804308772087097,0.009633923880755901,0.6147074103355408,0.4216199517250061,-0.00861451867967844,0.5762063264846802,0.4218794107437134,-0.023195616900920868,0.5476744174957275,0.42559385299682617,-0.03202293440699577,0.67828369140625,0.43945449590682983,-0.0035817392636090517,0.6024103760719299,0.44638094305992126,-0.021564273163676262,0.5950332283973694,0.4943869709968567,-0.025809377431869507,0.6066113114356995,0.5222015380859375,-0.026298368349671364,0.6812153458595276,0.4531457722187042,-0.018367642536759377,0.6086355447769165,0.4648476839065552,-0.03382621705532074,0.6087084412574768,0.5104221105575562,-0.0267445407807827,0.625636637210846,0.5318800210952759,-0.0197528637945652,0.6798076033592224,0.47641879320144653,-0.033414289355278015,0.6237690448760986,0.48633435368537903,-0.04249298945069313,0.621069073677063,0.5193996429443359,-0.036444343626499176,0.6341140270233154,0.5364252924919128,-0.030297186225652695
0.0,0.0,0.0,0.0,0.0,0.0,0.0,0.0,0.0,0.0,0.0,0.0,0.0,0.0,0.0,0.0,0.0,0.0,0.0,0.0,0.0,0.0,0.0,0.0,0.0,0.0,0.0,0.0,0.0,0.0,0.0,0.0,0.0,0.0,0.0,0.0,0.0,0.0,0.0,0.0,0.0,0.0,0.0,0.0,0.0,0.0,0.0,0.0,0.0,0.0,0.0,0.0,0.0,0.0,0.0,0.0,0.0,0.0,0.0,0.0,0.0,0.0,0.0,0.7102788090705872,0.6027359366416931,-5.150361630512634e-07,0.6607928276062012,0.565780520439148,0.007487148512154818,0.6338037848472595,0.5168755650520325,0.005279719829559326,0.6144202947616577,0.4817125201225281,-0.0015088252257555723,0.6016771793365479,0.4509666860103607,-0.008300199173390865,0.6724745631217957,0.4341660141944885,0.008971545845270157,0.6164918541908264,0.41781941056251526,-0.009520594030618668,0.5771496295928955,0.4170363247394562,-0.024165278300642967,0.5479505658149719,0.4185841679573059,-0.033065591007471085,0.6818505525588989,0.43425336480140686,-0.004106681328266859,0.6050482988357544,0.4419417679309845,-0.02382260002195835,0.5979973077774048,0.49374985694885254,-0.0283714160323143,0.6109701991081238,0.5226010680198669,-0.028077861294150352,0.6860355138778687,0.44819676876068115,-0.01882590912282467,0.6114932894706726,0.46282798051834106,-0.03557164967060089,0.6127411723136902,0.5116947293281555,-0.028004605323076248,0.63137286901474,0.532433271408081,-0.019834168255329132,0.6857643127441406,0.47294875979423523,-0.03391978517174721,0.6290048360824585,0.48025742173194885,-0.04374585300683975,0.627314567565918,0.5137724280357361,-0.03694705665111542,0.6422538161277771,0.5302318930625916,-0.02964881807565689
0.0,0.0,0.0,0.0,0.0,0.0,0.0,0.0,0.0,0.0,0.0,0.0,0.0,0.0,0.0,0.0,0.0,0.0,0.0,0.0,0.0,0.0,0.0,0.0,0.0,0.0,0.0,0.0,0.0,0.0,0.0,0.0,0.0,0.0,0.0,0.0,0.0,0.0,0.0,0.0,0.0,0.0,0.0,0.0,0.0,0.0,0.0,0.0,0.0,0.0,0.0,0.0,0.0,0.0,0.0,0.0,0.0,0.0,0.0,0.0,0.0,0.0,0.0,0.701371967792511,0.6027207374572754,-5.002534066989028e-07,0.6518033742904663,0.5727560520172119,0.0036873426288366318,0.6227990388870239,0.5239294171333313,0.001065641874447465,0.6024196147918701,0.4864876866340637,-0.00530142430216074,0.5854089260101318,0.45674657821655273,-0.01122039370238781,0.6557086706161499,0.43782171607017517,0.007242222782224417,0.6044971942901611,0.4177718460559845,-0.01120796613395214,0.5665891170501709,0.4150964617729187,-0.025878507643938065,0.5370727777481079,0.41628581285476685,-0.0350683331489563,0.6687203645706177,0.4352995455265045,-0.0038903793320059776,0.5945134162902832,0.44461125135421753,-0.024434000253677368,0.5914288759231567,0.49653688073158264,-0.029164593666791916,0.6060261726379395,0.524758517742157,-0.028605878353118896,0.6771354079246521,0.44782066345214844,-0.017086518928408623,0.6032997369766235,0.4638242721557617,-0.034565556794404984,0.6077478528022766,0.5115737318992615,-0.027098245918750763,0.6270201206207275,0.532719612121582,-0.018688678741455078,0.6805885434150696,0.471904993057251,-0.03112766705453396,0.6227578520774841,0.4830358028411865,-0.04250342398881912,0.6216685175895691,0.5154543519020081,-0.037201907485723495,0.6360253691673279,0.5317307114601135,-0.03061836026608944
0.0,0.0,0.0,0.0,0.0,0.0,0.0,0.0,0.0,0.0,0.0,0.0,0.0,0.0,0.0,0.0,0.0,0.0,0.0,0.0,0.0,0.0,0.0,0.0,0.0,0.0,0.0,0.0,0.0,0.0,0.0,0.0,0.0,0.0,0.0,0.0,0.0,0.0,0.0,0.0,0.0,0.0,0.0,0.0,0.0,0.0,0.0,0.0,0.0,0.0,0.0,0.0,0.0,0.0,0.0,0.0,0.0,0.0,0.0,0.0,0.0,0.0,0.0,0.6991746425628662,0.6037604808807373,-4.423818040777405e-07,0.6434776782989502,0.5760380625724792,0.0020326911471784115,0.6104869842529297,0.5284070372581482,-0.00022725388407707214,0.5872548818588257,0.4935825765132904,-0.006187950726598501,0.5659781098365784,0.46698999404907227,-0.011883108876645565,0.6376457214355469,0.44444236159324646,0.008242682553827763,0.585647463798523,0.42502790689468384,-0.009013941511511803,0.5493167638778687,0.4188706874847412,-0.02310289442539215,0.5204448699951172,0.41636645793914795,-0.032080523669719696,0.6503626704216003,0.4428279399871826,-0.0020684530027210712,0.5777172446250916,0.45117634534835815,-0.023414352908730507,0.5710314512252808,0.5026653409004211,-0.029223503544926643,0.5822466611862183,0.5334981083869934,-0.028782496228814125,0.6599366664886475,0.4564346969127655,-0.014580829069018364,0.5876270532608032,0.469108909368515,-0.033134207129478455,0.5886995792388916,0.5147086381912231,-0.027280833572149277,0.6053573489189148,0.5381791591644287,-0.01907895691692829,0.665097713470459,0.4813404679298401,-0.028043441474437714,0.6104930639266968,0.4918564558029175,-0.03956541419029236,0.6082086563110352,0.5204096436500549,-0.035111475735902786,0.6217679977416992,0.5363929271697998,-0.028814928606152534
0.0,0.0,0.0,0.0,0.0,0.0,0.0,0.0,0.0,0.0,0.0,0.0,0.0,0.0,0.0,0.0,0.0,0.0,0.0,0.0,0.0,0.0,0.0,0.0,0.0,0.0,0.0,0.0,0.0,0.0,0.0,0.0,0.0,0.0,0.0,0.0,0.0,0.0,0.0,0.0,0.0,0.0,0.0,0.0,0.0,0.0,0.0,0.0,0.0,0.0,0.0,0.0,0.0,0.0,0.0,0.0,0.0,0.0,0.0,0.0,0.0,0.0,0.0,0.6905977129936218,0.6075215339660645,-4.2107629383281164e-07,0.6338707804679871,0.5795367956161499,0.0036563577596098185,0.6018388867378235,0.5352331399917603,0.0013010215479880571,0.5792051553726196,0.5011987686157227,-0.00454391073435545,0.5608938336372375,0.47782281041145325,-0.010729202069342136,0.6259692907333374,0.45187705755233765,0.0030325185507535934,0.5719380378723145,0.43108922243118286,-0.013743847608566284,0.5366591215133667,0.4240179657936096,-0.02655205689370632,0.5076730847358704,0.4188564419746399,-0.034778475761413574,0.6386094689369202,0.4512753486633301,-0.0075696720741689205,0.5635085701942444,0.46135616302490234,-0.028866896405816078,0.5525962114334106,0.5124509930610657,-0.03417208790779114,0.5592614412307739,0.5445727109909058,-0.03375452756881714,0.6473809480667114,0.4657272398471832,-0.0194752998650074,0.5745794177055359,0.48385316133499146,-0.038540225476026535,0.5758264064788818,0.5291528701782227,-0.033134739845991135,0.5923986434936523,0.5518856644630432,-0.02516012266278267,0.651506245136261,0.49126601219177246,-0.031762830913066864,0.596640944480896,0.5013718008995056,-0.04347541555762291,0.5946120619773865,0.5309862494468689,-0.03850824385881424,0.6082971096038818,0.5473557710647583,-0.03183206170797348
0.0,0.0,0.0,0.0,0.0,0.0,0.0,0.0,0.0,0.0,0.0,0.0,0.0,0.0,0.0,0.0,0.0,0.0,0.0,0.0,0.0,0.0,0.0,0.0,0.0,0.0,0.0,0.0,0.0,0.0,0.0,0.0,0.0,0.0,0.0,0.0,0.0,0.0,0.0,0.0,0.0,0.0,0.0,0.0,0.0,0.0,0.0,0.0,0.0,0.0,0.0,0.0,0.0,0.0,0.0,0.0,0.0,0.0,0.0,0.0,0.0,0.0,0.0,0.6875259876251221,0.6080211400985718,-4.5956815597492096e-07,0.6303077936172485,0.5848076939582825,0.007225803565233946,0.5978133082389832,0.5451052188873291,0.005118609871715307,0.5737526416778564,0.5140399932861328,-0.0013705103192478418,0.5561331510543823,0.49273860454559326,-0.00843652244657278,0.616754949092865,0.4567488431930542,0.0054303440265357494,0.5619947910308838,0.43337154388427734,-0.01188365276902914,0.5260718464851379,0.42942196130752563,-0.024716107174754143,0.49781447649002075,0.4295669496059418,-0.03229358047246933,0.628581702709198,0.45429056882858276,-0.0065341489389538765,0.5532997250556946,0.47099193930625916,-0.027486342936754227,0.5463902950286865,0.5250037908554077,-0.03189883753657341,0.5569740533828735,0.5568094253540039,-0.030632006004452705,0.6372116208076477,0.46817106008529663,-0.019572898745536804,0.5658419728279114,0.49537718296051025,-0.0372343435883522,0.5723819732666016,0.54087233543396,-0.0309916902333498,0.5922391414642334,0.5611605644226074,-0.02286333031952381,0.6419939994812012,0.4935941994190216,-0.03271952271461487,0.5877307653427124,0.5123174786567688,-0.043093323707580566,0.5896669030189514,0.5435376167297363,-0.03761132434010506,0.6060223579406738,0.558326244354248,-0.03079925663769245
0.0,0.0,0.0,0.0,0.0,0.0,0.0,0.0,0.0,0.0,0.0,0.0,0.0,0.0,0.0,0.0,0.0,0.0,0.0,0.0,0.0,0.0,0.0,0.0,0.0,0.0,0.0,0.0,0.0,0.0,0.0,0.0,0.0,0.0,0.0,0.0,0.0,0.0,0.0,0.0,0.0,0.0,0.0,0.0,0.0,0.0,0.0,0.0,0.0,0.0,0.0,0.0,0.0,0.0,0.0,0.0,0.0,0.0,0.0,0.0,0.0,0.0,0.0,0.6957206130027771,0.6089210510253906,-4.482305655528762e-07,0.6359620690345764,0.5905779600143433,0.008476709946990013,0.6009809970855713,0.5550015568733215,0.0065280357375741005,0.5763607025146484,0.5281723141670227,0.0001439282059436664,0.5569579601287842,0.5087814331054688,-0.006990961264818907,0.6197079420089722,0.4620717763900757,0.005196284968405962,0.5633407235145569,0.4410075545310974,-0.011162173934280872,0.5270896553993225,0.4358261823654175,-0.023051969707012177,0.49916502833366394,0.4338117241859436,-0.03061707690358162,0.6300544142723083,0.45883065462112427,-0.007230687886476517,0.5542744994163513,0.4728781580924988,-0.0262915026396513,0.548389196395874,0.5257315635681152,-0.029291873797774315,0.5604140758514404,0.554646372795105,-0.027715902775526047,0.6374472379684448,0.4721323549747467,-0.020532701164484024,0.5653618574142456,0.4962078332901001,-0.037375275045633316,0.5695176124572754,0.5421810150146484,-0.030136238783597946,0.58799809217453,0.5598098635673523,-0.021786877885460854,0.6423282027244568,0.4983593225479126,-0.03366973251104355,0.5854228138923645,0.5157087445259094,-0.04374878481030464,0.5882328152656555,0.5470570921897888,-0.037026118487119675,0.6064316034317017,0.5592855215072632,-0.02948031947016716
0.0,0.0,0.0,0.0,0.0,0.0,0.0,0.0,0.0,0.0,0.0,0.0,0.0,0.0,0.0,0.0,0.0,0.0,0.0,0.0,0.0,0.0,0.0,0.0,0.0,0.0,0.0,0.0,0.0,0.0,0.0,0.0,0.0,0.0,0.0,0.0,0.0,0.0,0.0,0.0,0.0,0.0,0.0,0.0,0.0,0.0,0.0,0.0,0.0,0.0,0.0,0.0,0.0,0.0,0.0,0.0,0.0,0.0,0.0,0.0,0.0,0.0,0.0,0.6996915340423584,0.6128235459327698,-4.5873204612689733e-07,0.6403906941413879,0.5890103578567505,0.010998569428920746,0.6073940396308899,0.5510438084602356,0.008871548809111118,0.585612416267395,0.5269115567207336,0.0019108864944428205,0.5680698156356812,0.506589949131012,-0.005766557063907385,0.6308580040931702,0.45944860577583313,0.005941872019320726,0.5720338225364685,0.4447152018547058,-0.009931214153766632,0.5351752042770386,0.44312235713005066,-0.022277703508734703,0.5064666271209717,0.4440319538116455,-0.0303997453302145,0.6417615413665771,0.4579531252384186,-0.007907410152256489,0.5666114687919617,0.47650569677352905,-0.02529088221490383,0.561838686466217,0.5258194804191589,-0.029393937438726425,0.5726990699768066,0.553098201751709,-0.029869144782423973,0.6478316783905029,0.47169482707977295,-0.02223246730864048,0.5749711990356445,0.49748218059539795,-0.03653457388281822,0.5787710547447205,0.5411721467971802,-0.02967330440878868,0.595329999923706,0.5594421625137329,-0.022980965673923492,0.6494658589363098,0.49728092551231384,-0.036397818475961685,0.5944471955299377,0.5174626708030701,-0.04482176899909973,0.5971543192863464,0.5475226044654846,-0.03834684565663338,0.6130561232566833,0.5604733824729919,-0.031823430210351944
0.0,0.0,0.0,0.0,0.0,0.0,0.0,0.0,0.0,0.0,0.0,0.0,0.0,0.0,0.0,0.0,0.0,0.0,0.0,0.0,0.0,0.0,0.0,0.0,0.0,0.0,0.0,0.0,0.0,0.0,0.0,0.0,0.0,0.0,0.0,0.0,0.0,0.0,0.0,0.0,0.0,0.0,0.0,0.0,0.0,0.0,0.0,0.0,0.0,0.0,0.0,0.0,0.0,0.0,0.0,0.0,0.0,0.0,0.0,0.0,0.0,0.0,0.0,0.704636812210083,0.6145014762878418,-4.902324235445121e-07,0.6483801007270813,0.5820826888084412,0.01071238238364458,0.6178905963897705,0.5375163555145264,0.00897066667675972,0.5964739918708801,0.5052826404571533,0.0021279349457472563,0.5807958245277405,0.4788208305835724,-0.005079314112663269,0.6473021507263184,0.45410218834877014,0.009289995767176151,0.5883106589317322,0.44175639748573303,-0.008282201364636421,0.5507940649986267,0.4430572986602783,-0.02150927297770977,0.5223512649536133,0.44777923822402954,-0.02931891195476055,0.6559538245201111,0.45383065938949585,-0.004412492271512747,0.5800234079360962,0.4701535999774933,-0.023154178634285927,0.5752912759780884,0.5190771818161011,-0.02738155983388424,0.586189329624176,0.5469031929969788,-0.027213824912905693,0.6598938703536987,0.46643948554992676,-0.019177138805389404,0.586243212223053,0.49041587114334106,-0.035020917654037476,0.5906373262405396,0.5357218384742737,-0.0283829253166914,0.6079992055892944,0.5556128621101379,-0.021139180287718773,0.6595868468284607,0.48980116844177246,-0.0339478924870491,0.6046797633171082,0.5095346570014954,-0.04307634010910988,0.6068882346153259,0.5406529307365417,-0.03725207597017288,0.6217663884162903,0.5542473793029785,-0.030925128608942032
